"Year","ABW","AGO","AIA","ALB","ARE","ARG","ARM","ATG","AUS","AUT","AZE","BDI","BEL","BEN","BFA","BGD","BGR","BHR","BHS","BIH","BLR","BLZ","BMU","BOL","BRA","BRB","BRN","BTN","BWA","CAF","CAN","CHE","CHL","CHN","CIV","CMR","COD","COG","COL","COM","CPV","CRI","CUW","CYM","CYP","CZE","DEU","DJI","DMA","DNK","DOM","DZA","ECU","EGY","ESP","EST","ETH","FIN","FJI","FRA","GAB","GBR","GEO","GHA","GIN","GMB","GNB","GNQ","GRC","GRD","GTM","HKG","HND","HRV","HTI","HUN","IDN","IND","IRL","IRN","IRQ","ISL","ISR","ITA","JAM","JOR","JPN","KAZ","KEN","KGZ","KHM","KNA","KOR","KWT","LAO","LBN","LBR","LCA","LKA","LSO","LTU","LUX","LVA","MAC","MAR","MDA","MDG","MDV","MEX","MKD","MLI","MLT","MMR","MNE","MNG","MOZ","MRT","MSR","MUS","MWI","MYS","NAM","NER","NGA","NIC","NLD","NOR","NPL","NZL","OMN","PAK","PAN","PER","PHL","POL","PRT","PRY","PSE","QAT","ROU","RUS","RWA","SAU","SDN","SEN","SGP","SLE","SLV","SRB","STP","SUR","SVK","SVN","SWE","SWZ","SXM","SYC","SYR","TCA","TCD","TGO","THA","TJK","TKM","TTO","TUN","TUR","TWN","TZA","UGA","UKR","URY","USA","UZB","VCT","VEN","VGB","VNM","YEM","ZAF","ZMB","ZWE"
1960,NA,NA,NA,NA,NA,NA,NA,NA,NA,NA,NA,NA,NA,NA,NA,NA,NA,NA,NA,NA,NA,NA,NA,NA,NA,NA,NA,NA,NA,NA,NA,NA,NA,NA,NA,NA,NA,NA,NA,NA,NA,NA,NA,NA,NA,NA,NA,NA,NA,NA,NA,NA,NA,NA,NA,NA,NA,NA,NA,NA,NA,NA,NA,NA,NA,NA,NA,NA,NA,NA,NA,NA,NA,NA,NA,NA,NA,NA,NA,NA,NA,NA,NA,NA,NA,NA,NA,NA,NA,NA,NA,NA,NA,NA,NA,NA,NA,NA,NA,NA,NA,NA,NA,NA,NA,NA,NA,NA,NA,NA,NA,NA,NA,NA,NA,NA,NA,NA,NA,NA,NA,NA,NA,NA,NA,NA,NA,NA,NA,NA,NA,NA,NA,NA,NA,NA,NA,NA,NA,NA,NA,NA,NA,NA,NA,NA,NA,NA,NA,NA,NA,NA,NA,NA,NA,NA,NA,NA,NA,NA,NA,NA,NA,NA,NA,NA,NA,NA,NA,NA,NA,NA,NA,NA,NA,NA,NA,NA,NA,NA,NA,NA
1961,NA,NA,NA,NA,NA,NA,NA,NA,NA,NA,NA,NA,NA,NA,NA,NA,NA,NA,NA,NA,NA,NA,NA,NA,NA,NA,NA,NA,NA,NA,NA,NA,NA,NA,NA,NA,NA,NA,NA,NA,NA,NA,NA,NA,NA,NA,NA,NA,NA,NA,NA,NA,NA,NA,NA,NA,NA,NA,NA,NA,NA,NA,NA,NA,NA,NA,NA,NA,NA,NA,NA,NA,NA,NA,NA,NA,NA,NA,NA,NA,NA,NA,NA,NA,NA,NA,NA,NA,NA,NA,NA,NA,NA,NA,NA,NA,NA,NA,NA,NA,NA,NA,NA,NA,NA,NA,NA,NA,NA,NA,NA,NA,NA,NA,NA,NA,NA,NA,NA,NA,NA,NA,NA,NA,NA,NA,NA,NA,NA,NA,NA,NA,NA,NA,NA,NA,NA,NA,NA,NA,NA,NA,NA,NA,NA,NA,NA,NA,NA,NA,NA,NA,NA,NA,NA,NA,NA,NA,NA,NA,NA,NA,NA,NA,NA,NA,NA,NA,NA,NA,NA,NA,NA,NA,NA,NA,NA,NA,NA,NA,NA,NA
1962,NA,NA,NA,NA,NA,NA,NA,NA,NA,NA,NA,NA,NA,NA,NA,NA,NA,NA,NA,NA,NA,NA,NA,NA,NA,NA,NA,NA,NA,NA,NA,NA,NA,NA,NA,NA,NA,NA,NA,NA,NA,NA,NA,NA,NA,NA,NA,NA,NA,NA,NA,NA,NA,NA,NA,NA,NA,NA,NA,NA,NA,NA,NA,NA,NA,NA,NA,NA,NA,NA,NA,NA,NA,NA,NA,NA,NA,NA,NA,NA,NA,NA,NA,NA,NA,NA,NA,NA,NA,NA,NA,NA,NA,NA,NA,NA,NA,NA,NA,NA,NA,NA,NA,NA,NA,NA,NA,NA,NA,NA,NA,NA,NA,NA,NA,NA,NA,NA,NA,NA,NA,NA,NA,NA,NA,NA,NA,NA,NA,NA,NA,NA,NA,NA,NA,NA,NA,NA,NA,NA,NA,NA,NA,NA,NA,NA,NA,NA,NA,NA,NA,NA,NA,NA,NA,NA,NA,NA,NA,NA,NA,NA,NA,NA,NA,NA,NA,NA,NA,NA,NA,NA,NA,NA,NA,NA,NA,NA,NA,NA,NA,NA
1963,NA,NA,NA,NA,NA,NA,NA,NA,NA,NA,NA,NA,NA,NA,NA,NA,NA,NA,NA,NA,NA,NA,NA,NA,NA,NA,NA,NA,NA,NA,NA,NA,NA,NA,NA,NA,NA,NA,NA,NA,NA,NA,NA,NA,NA,NA,NA,NA,NA,NA,NA,NA,NA,NA,NA,NA,NA,NA,NA,NA,NA,NA,NA,NA,NA,NA,NA,NA,NA,NA,NA,NA,NA,NA,NA,NA,NA,NA,NA,NA,NA,NA,NA,NA,NA,NA,NA,NA,NA,NA,NA,NA,NA,NA,NA,NA,NA,NA,NA,NA,NA,NA,NA,NA,NA,NA,NA,NA,NA,NA,NA,NA,NA,NA,NA,NA,NA,NA,NA,NA,NA,NA,NA,NA,NA,NA,NA,NA,NA,NA,NA,NA,NA,NA,NA,NA,NA,NA,NA,NA,NA,NA,NA,NA,NA,NA,NA,NA,NA,NA,NA,NA,NA,NA,NA,NA,NA,NA,NA,NA,NA,NA,NA,NA,NA,NA,NA,NA,NA,NA,NA,NA,NA,NA,NA,NA,NA,NA,NA,NA,NA,NA
1964,NA,NA,NA,NA,NA,NA,NA,NA,NA,NA,NA,NA,NA,NA,NA,NA,NA,NA,NA,NA,NA,NA,NA,NA,NA,NA,NA,NA,NA,NA,NA,NA,NA,NA,NA,NA,NA,NA,NA,NA,NA,NA,NA,NA,NA,NA,NA,NA,NA,NA,NA,NA,NA,NA,NA,NA,NA,NA,NA,NA,NA,NA,NA,NA,NA,NA,NA,NA,NA,NA,NA,NA,NA,NA,NA,NA,NA,NA,NA,NA,NA,NA,NA,NA,NA,NA,NA,NA,NA,NA,NA,NA,NA,NA,NA,NA,NA,NA,NA,NA,NA,NA,NA,NA,NA,NA,NA,NA,NA,NA,NA,NA,NA,NA,NA,NA,NA,NA,NA,NA,NA,NA,NA,NA,NA,NA,NA,NA,NA,NA,NA,NA,NA,NA,NA,NA,NA,NA,NA,NA,NA,NA,NA,NA,NA,NA,NA,NA,NA,NA,NA,NA,NA,NA,NA,NA,NA,NA,NA,NA,NA,NA,NA,NA,NA,NA,NA,NA,NA,NA,NA,NA,NA,NA,NA,NA,NA,NA,NA,NA,NA,NA
1965,NA,NA,NA,NA,NA,NA,NA,NA,NA,NA,NA,NA,NA,NA,NA,NA,NA,NA,NA,NA,NA,NA,NA,NA,NA,NA,NA,NA,NA,NA,NA,NA,NA,NA,NA,NA,NA,NA,NA,NA,NA,NA,NA,NA,NA,NA,NA,NA,NA,NA,NA,NA,NA,NA,NA,NA,NA,NA,NA,NA,NA,NA,NA,NA,NA,NA,NA,NA,NA,NA,NA,NA,NA,NA,NA,NA,NA,NA,NA,NA,NA,NA,NA,NA,NA,NA,NA,NA,NA,NA,NA,NA,NA,NA,NA,NA,NA,NA,NA,NA,NA,NA,NA,NA,NA,NA,NA,NA,NA,NA,NA,NA,NA,NA,NA,NA,NA,NA,NA,NA,NA,NA,NA,NA,NA,NA,NA,NA,NA,NA,NA,NA,NA,NA,NA,NA,NA,NA,NA,NA,NA,NA,NA,NA,NA,NA,NA,NA,NA,NA,NA,NA,NA,NA,NA,NA,NA,NA,NA,NA,NA,NA,NA,NA,NA,NA,NA,NA,NA,NA,NA,NA,NA,NA,NA,NA,NA,NA,NA,NA,NA,NA
1966,NA,NA,NA,NA,NA,NA,NA,NA,NA,NA,NA,NA,NA,NA,NA,NA,NA,NA,NA,NA,NA,NA,NA,NA,NA,NA,NA,NA,NA,NA,NA,NA,NA,NA,NA,NA,NA,NA,NA,NA,NA,NA,NA,NA,NA,NA,NA,NA,NA,NA,NA,NA,NA,NA,NA,NA,NA,NA,NA,NA,NA,NA,NA,NA,NA,NA,NA,NA,NA,NA,NA,NA,NA,NA,NA,NA,NA,NA,NA,NA,NA,NA,NA,NA,NA,NA,NA,NA,NA,NA,NA,NA,NA,NA,NA,NA,NA,NA,NA,NA,NA,NA,NA,NA,NA,NA,NA,NA,NA,NA,NA,NA,NA,NA,NA,NA,NA,NA,NA,NA,NA,NA,NA,NA,NA,NA,NA,NA,NA,NA,NA,NA,NA,NA,NA,NA,NA,NA,NA,NA,NA,NA,NA,NA,NA,NA,NA,NA,NA,NA,NA,NA,NA,NA,NA,NA,NA,NA,NA,NA,NA,NA,NA,NA,NA,NA,NA,NA,NA,NA,NA,NA,NA,NA,NA,NA,NA,NA,NA,NA,NA,NA
1967,NA,NA,NA,NA,NA,NA,NA,NA,NA,NA,NA,NA,NA,NA,NA,NA,NA,NA,NA,NA,NA,NA,NA,NA,NA,NA,NA,NA,NA,NA,NA,NA,NA,NA,NA,NA,NA,NA,NA,NA,NA,NA,NA,NA,NA,NA,NA,NA,NA,NA,NA,NA,NA,NA,NA,NA,NA,NA,NA,NA,NA,NA,NA,NA,NA,NA,NA,NA,NA,NA,NA,NA,NA,NA,NA,NA,NA,NA,NA,NA,NA,NA,NA,NA,NA,NA,NA,NA,NA,NA,NA,NA,NA,NA,NA,NA,NA,NA,NA,NA,NA,NA,NA,NA,NA,NA,NA,NA,NA,NA,NA,NA,NA,NA,NA,NA,NA,NA,NA,NA,NA,NA,NA,NA,NA,NA,NA,NA,NA,NA,NA,NA,NA,NA,NA,NA,NA,NA,NA,NA,NA,NA,NA,NA,NA,NA,NA,NA,NA,NA,NA,NA,NA,NA,NA,NA,NA,NA,NA,NA,NA,NA,NA,NA,NA,NA,NA,NA,NA,NA,NA,NA,NA,NA,NA,NA,NA,NA,NA,NA,NA,NA
1968,NA,NA,NA,NA,NA,NA,NA,NA,NA,NA,NA,NA,NA,NA,NA,NA,NA,NA,NA,NA,NA,NA,NA,NA,NA,NA,NA,NA,NA,NA,NA,NA,NA,NA,NA,NA,NA,NA,NA,NA,NA,NA,NA,NA,NA,NA,NA,NA,NA,NA,NA,NA,NA,NA,NA,NA,NA,NA,NA,NA,NA,NA,NA,NA,NA,NA,NA,NA,NA,NA,NA,NA,NA,NA,NA,NA,NA,NA,NA,NA,NA,NA,NA,NA,NA,NA,NA,NA,NA,NA,NA,NA,NA,NA,NA,NA,NA,NA,NA,NA,NA,NA,NA,NA,NA,NA,NA,NA,NA,NA,NA,NA,NA,NA,NA,NA,NA,NA,NA,NA,NA,NA,NA,NA,NA,NA,NA,NA,NA,NA,NA,NA,NA,NA,NA,NA,NA,NA,NA,NA,NA,NA,NA,NA,NA,NA,NA,NA,NA,NA,NA,NA,NA,NA,NA,NA,NA,NA,NA,NA,NA,NA,NA,NA,NA,NA,NA,NA,NA,NA,NA,NA,NA,NA,NA,NA,NA,NA,NA,NA,NA,NA
1969,NA,NA,NA,NA,NA,NA,NA,NA,NA,NA,NA,NA,NA,NA,NA,NA,NA,NA,NA,NA,NA,NA,NA,NA,NA,NA,NA,NA,NA,NA,NA,NA,NA,NA,NA,NA,NA,NA,NA,NA,NA,NA,NA,NA,NA,NA,NA,NA,NA,NA,NA,NA,NA,NA,NA,NA,NA,NA,NA,NA,NA,NA,NA,NA,NA,NA,NA,NA,NA,NA,NA,NA,NA,NA,NA,NA,NA,NA,NA,NA,NA,NA,NA,NA,NA,NA,NA,NA,NA,NA,NA,NA,NA,NA,NA,NA,NA,NA,NA,NA,NA,NA,NA,NA,NA,NA,NA,NA,NA,NA,NA,NA,NA,NA,NA,NA,NA,NA,NA,NA,NA,NA,NA,NA,NA,NA,NA,NA,NA,NA,NA,NA,NA,NA,NA,NA,NA,NA,NA,NA,NA,NA,NA,NA,NA,NA,NA,NA,NA,NA,NA,NA,NA,NA,NA,NA,NA,NA,NA,NA,NA,NA,NA,NA,NA,NA,NA,NA,NA,NA,NA,NA,NA,NA,NA,NA,NA,NA,NA,NA,NA,NA
1970,NA,NA,NA,NA,NA,NA,NA,NA,NA,NA,NA,NA,14.01619,NA,NA,NA,NA,NA,NA,NA,NA,NA,NA,NA,5.68445,NA,NA,NA,NA,NA,NA,21.01803,NA,NA,NA,NA,NA,NA,NA,NA,NA,NA,NA,NA,NA,NA,NA,NA,NA,NA,4.4,NA,NA,NA,6.24201,NA,NA,NA,NA,NA,NA,NA,NA,3.7,NA,NA,NA,NA,NA,NA,NA,NA,NA,NA,NA,15.88924,NA,NA,NA,NA,NA,NA,NA,NA,NA,NA,38.57977,NA,NA,NA,NA,NA,15.66034,NA,NA,8,NA,NA,NA,NA,NA,NA,NA,NA,NA,NA,NA,NA,NA,NA,NA,NA,NA,NA,NA,NA,NA,NA,NA,NA,NA,NA,NA,NA,NA,NA,28.1,NA,NA,NA,NA,12.6,NA,18.00716,NA,NA,NA,NA,NA,NA,NA,NA,NA,NA,NA,NA,NA,NA,NA,NA,NA,NA,NA,35.37914,NA,NA,NA,NA,NA,NA,0.36716,NA,NA,NA,NA,NA,NA,NA,NA,NA,NA,NA,65.7,NA,NA,NA,NA,NA,NA,10.31528,NA,NA
1971,NA,NA,NA,NA,NA,NA,NA,NA,NA,38.32165,NA,NA,NA,NA,NA,NA,NA,NA,NA,NA,NA,NA,NA,NA,NA,NA,NA,NA,1.28277,NA,NA,NA,NA,NA,NA,NA,NA,NA,NA,NA,NA,NA,NA,NA,NA,NA,NA,NA,NA,NA,NA,NA,NA,NA,NA,NA,NA,NA,NA,NA,NA,NA,NA,NA,NA,NA,NA,NA,NA,NA,NA,16.4,NA,NA,2.26097,NA,NA,NA,NA,NA,NA,NA,NA,NA,NA,NA,NA,NA,NA,NA,NA,NA,NA,NA,NA,NA,NA,NA,11.64676,NA,NA,NA,NA,NA,NA,NA,NA,NA,NA,NA,NA,NA,NA,NA,NA,NA,NA,NA,NA,NA,NA,NA,NA,NA,4.37442,16.3,NA,0.54227,NA,NA,NA,NA,NA,NA,NA,NA,NA,NA,NA,NA,NA,NA,NA,NA,NA,NA,NA,NA,NA,NA,NA,NA,NA,NA,NA,NA,8.4793,NA,NA,NA,NA,NA,NA,NA,NA,NA,NA,NA,NA,NA,NA,NA,NA,NA,NA,NA,NA,NA,NA,NA,NA,NA
1972,NA,NA,NA,NA,NA,NA,NA,NA,NA,NA,NA,NA,NA,NA,NA,NA,NA,NA,NA,NA,NA,NA,NA,NA,NA,NA,NA,NA,NA,NA,NA,NA,NA,NA,NA,NA,NA,NA,NA,NA,NA,NA,NA,NA,NA,NA,NA,NA,NA,NA,NA,NA,NA,NA,NA,NA,NA,NA,NA,NA,NA,NA,NA,NA,NA,NA,NA,NA,NA,NA,NA,NA,NA,NA,NA,NA,NA,NA,NA,NA,NA,NA,NA,NA,NA,NA,NA,NA,NA,NA,NA,NA,NA,NA,NA,NA,NA,NA,NA,NA,NA,NA,NA,NA,NA,NA,NA,NA,NA,NA,NA,NA,NA,NA,NA,NA,NA,NA,NA,NA,NA,NA,NA,NA,NA,NA,NA,NA,NA,NA,7,NA,11.60001,NA,NA,NA,6.55362,NA,NA,NA,NA,NA,NA,NA,NA,NA,NA,NA,NA,NA,NA,NA,NA,NA,NA,NA,NA,NA,NA,NA,NA,NA,NA,NA,NA,NA,NA,NA,NA,NA,NA,NA,NA,NA,NA,NA,NA,NA,NA,NA,NA,NA
1973,NA,NA,NA,NA,NA,NA,NA,NA,NA,NA,NA,NA,NA,NA,NA,NA,NA,NA,NA,NA,NA,NA,NA,NA,NA,NA,NA,NA,NA,NA,NA,NA,NA,NA,NA,NA,NA,NA,NA,NA,NA,10.63363,NA,NA,NA,NA,NA,NA,NA,NA,NA,NA,NA,NA,NA,NA,NA,NA,NA,NA,NA,NA,NA,NA,NA,1.13839,NA,NA,NA,NA,NA,NA,NA,NA,NA,NA,NA,NA,NA,NA,NA,NA,NA,NA,NA,NA,NA,NA,NA,NA,NA,NA,NA,NA,NA,NA,NA,NA,NA,NA,NA,NA,NA,NA,NA,NA,NA,NA,NA,NA,NA,NA,2.3,NA,NA,NA,NA,NA,NA,NA,NA,NA,NA,NA,NA,NA,NA,NA,NA,NA,NA,NA,NA,NA,NA,NA,NA,NA,NA,NA,NA,NA,NA,NA,NA,NA,NA,NA,NA,NA,NA,NA,NA,NA,NA,NA,NA,NA,NA,NA,NA,NA,NA,NA,NA,NA,NA,NA,NA,NA,NA,NA,NA,NA,NA,NA,NA,NA,NA,NA,NA,NA
1974,NA,NA,NA,NA,NA,NA,NA,NA,NA,NA,NA,NA,NA,NA,NA,NA,NA,NA,NA,NA,NA,NA,NA,NA,NA,NA,NA,NA,NA,NA,NA,NA,NA,NA,NA,NA,NA,NA,NA,NA,NA,NA,NA,NA,NA,NA,NA,NA,NA,NA,NA,NA,8.51975,NA,NA,NA,NA,NA,NA,NA,NA,NA,NA,NA,NA,NA,NA,NA,NA,NA,NA,NA,4.86191,NA,NA,NA,NA,NA,NA,NA,NA,NA,NA,NA,NA,NA,NA,NA,NA,NA,NA,NA,NA,NA,NA,NA,5.5007,NA,NA,NA,NA,NA,NA,NA,NA,NA,NA,NA,NA,NA,NA,NA,NA,NA,NA,NA,NA,NA,NA,NA,NA,NA,NA,NA,NA,NA,NA,NA,NA,NA,NA,NA,NA,NA,NA,NA,NA,NA,NA,NA,NA,NA,NA,NA,NA,NA,NA,NA,NA,NA,NA,NA,NA,42.65175,NA,NA,NA,NA,NA,NA,NA,NA,NA,NA,NA,NA,NA,NA,NA,NA,NA,NA,NA,NA,NA,NA,NA,NA,NA,NA,NA,NA
1975,NA,NA,NA,NA,NA,NA,NA,NA,NA,NA,NA,NA,NA,NA,NA,NA,NA,NA,NA,NA,NA,NA,NA,NA,NA,NA,NA,NA,NA,1.6407,NA,NA,NA,NA,NA,NA,NA,NA,NA,NA,NA,NA,NA,NA,NA,NA,NA,NA,NA,NA,NA,NA,NA,NA,NA,NA,NA,NA,NA,NA,NA,NA,NA,NA,NA,NA,NA,NA,NA,NA,NA,NA,NA,NA,NA,NA,NA,NA,NA,NA,NA,NA,NA,NA,NA,NA,NA,NA,NA,NA,NA,NA,NA,16.8,NA,NA,NA,NA,NA,NA,NA,NA,NA,NA,NA,NA,NA,NA,NA,NA,NA,NA,NA,NA,NA,NA,NA,NA,NA,NA,NA,NA,NA,NA,NA,NA,32.3,NA,NA,NA,NA,NA,NA,NA,NA,NA,NA,NA,NA,NA,NA,NA,NA,NA,NA,NA,NA,NA,NA,NA,NA,NA,NA,NA,NA,NA,NA,NA,NA,NA,NA,NA,NA,NA,NA,NA,NA,NA,NA,NA,NA,NA,NA,NA,NA,NA,NA,NA,NA,NA,NA,NA
1976,NA,NA,NA,NA,NA,NA,NA,NA,NA,NA,NA,NA,NA,NA,NA,NA,NA,NA,NA,NA,NA,NA,NA,12.1,NA,NA,NA,NA,NA,NA,NA,NA,NA,NA,NA,NA,NA,NA,NA,NA,NA,NA,NA,NA,NA,NA,NA,NA,NA,NA,NA,NA,NA,NA,NA,NA,NA,NA,7.2488,NA,NA,NA,NA,NA,NA,NA,NA,NA,NA,NA,NA,19.3,NA,NA,NA,NA,NA,NA,NA,NA,NA,NA,NA,NA,NA,NA,NA,NA,NA,NA,NA,NA,NA,NA,NA,NA,NA,NA,NA,NA,NA,NA,NA,NA,NA,NA,NA,NA,NA,NA,NA,NA,NA,NA,NA,NA,NA,NA,NA,NA,NA,NA,NA,NA,NA,NA,NA,NA,NA,NA,NA,NA,NA,NA,NA,NA,NA,NA,NA,NA,NA,NA,NA,NA,NA,NA,NA,NA,NA,NA,NA,NA,NA,NA,3.95745,NA,NA,NA,NA,NA,NA,NA,NA,NA,NA,NA,NA,NA,NA,NA,NA,NA,NA,NA,NA,NA,NA,NA,NA,NA,NA,NA
1977,NA,NA,NA,NA,NA,NA,NA,NA,NA,NA,NA,NA,NA,NA,NA,NA,NA,NA,NA,NA,NA,NA,NA,NA,NA,NA,NA,NA,NA,NA,NA,NA,NA,NA,NA,NA,NA,NA,NA,NA,NA,NA,NA,NA,NA,NA,NA,NA,NA,NA,NA,NA,NA,NA,NA,NA,NA,NA,NA,NA,NA,NA,NA,NA,NA,NA,NA,NA,NA,NA,NA,NA,NA,NA,NA,NA,NA,NA,NA,NA,NA,NA,NA,NA,NA,NA,NA,NA,NA,NA,NA,NA,NA,NA,NA,NA,NA,NA,NA,NA,NA,NA,NA,NA,NA,NA,NA,NA,NA,NA,NA,NA,NA,NA,NA,NA,NA,NA,NA,1.20414,NA,NA,NA,NA,NA,NA,NA,NA,NA,NA,NA,NA,NA,NA,NA,NA,NA,NA,NA,NA,NA,NA,NA,NA,NA,NA,NA,NA,NA,NA,NA,NA,NA,NA,NA,NA,NA,NA,NA,NA,NA,NA,NA,NA,NA,NA,NA,NA,NA,NA,NA,NA,NA,NA,NA,NA,NA,NA,NA,NA,NA,NA
1978,NA,NA,NA,NA,NA,NA,NA,NA,NA,NA,NA,NA,NA,NA,NA,NA,NA,NA,NA,NA,NA,NA,NA,NA,NA,NA,NA,NA,NA,NA,NA,NA,NA,NA,NA,NA,NA,NA,NA,NA,NA,NA,NA,NA,NA,NA,NA,NA,NA,NA,NA,NA,NA,NA,NA,NA,NA,NA,NA,NA,NA,NA,NA,NA,NA,NA,NA,NA,NA,NA,NA,NA,NA,NA,NA,NA,NA,NA,NA,NA,NA,NA,NA,NA,NA,NA,NA,NA,NA,NA,NA,NA,NA,NA,NA,NA,NA,NA,NA,NA,NA,NA,NA,NA,NA,NA,NA,NA,NA,NA,NA,NA,NA,NA,NA,NA,NA,NA,NA,NA,NA,NA,NA,NA,NA,NA,NA,NA,NA,NA,NA,NA,NA,NA,NA,NA,NA,NA,NA,NA,NA,NA,NA,NA,NA,NA,NA,NA,NA,NA,NA,NA,NA,NA,NA,NA,NA,NA,NA,NA,NA,NA,NA,NA,NA,NA,NA,NA,NA,NA,NA,NA,NA,NA,NA,NA,NA,NA,NA,NA,NA,NA
1979,NA,NA,NA,NA,NA,NA,NA,NA,NA,NA,NA,NA,NA,1.1,NA,NA,NA,NA,NA,NA,NA,NA,NA,NA,NA,NA,NA,NA,NA,NA,NA,NA,NA,NA,NA,NA,NA,NA,NA,NA,NA,NA,NA,NA,NA,NA,NA,NA,NA,NA,NA,NA,NA,NA,NA,NA,NA,NA,NA,NA,NA,NA,NA,NA,NA,NA,NA,NA,NA,NA,NA,NA,NA,NA,NA,NA,NA,NA,NA,NA,NA,NA,NA,NA,NA,NA,NA,NA,1.3,NA,NA,NA,NA,NA,NA,NA,NA,NA,NA,NA,NA,NA,NA,NA,NA,NA,NA,NA,NA,NA,NA,NA,NA,NA,NA,NA,NA,NA,NA,NA,NA,NA,NA,NA,NA,NA,NA,NA,NA,NA,NA,NA,NA,NA,NA,NA,NA,NA,NA,NA,NA,NA,NA,NA,NA,NA,NA,NA,NA,NA,NA,NA,NA,51.10238,NA,NA,NA,NA,NA,NA,NA,NA,NA,NA,NA,NA,NA,NA,NA,NA,NA,NA,NA,NA,NA,NA,NA,28.56177,NA,NA,NA,NA
1980,NA,NA,NA,NA,NA,NA,NA,NA,NA,NA,NA,NA,NA,NA,NA,NA,NA,NA,NA,NA,NA,NA,NA,NA,NA,NA,NA,NA,NA,NA,NA,NA,NA,NA,NA,NA,NA,NA,NA,NA,NA,NA,NA,NA,NA,NA,NA,NA,NA,NA,NA,NA,NA,NA,NA,NA,NA,NA,NA,NA,NA,NA,NA,NA,NA,NA,NA,NA,NA,NA,NA,NA,NA,NA,NA,30.56588,5.7881,NA,NA,NA,NA,NA,NA,NA,NA,NA,54.012,NA,NA,NA,NA,NA,27.61752,24.92353,NA,NA,NA,NA,NA,NA,NA,NA,NA,NA,NA,NA,NA,NA,NA,NA,NA,NA,NA,NA,NA,NA,NA,NA,NA,NA,3.18011,NA,NA,NA,NA,NA,38.17047,NA,NA,NA,NA,19.76108,NA,NA,NA,NA,NA,NA,NA,NA,NA,NA,NA,NA,NA,8.4,NA,NA,NA,NA,NA,NA,NA,NA,NA,NA,NA,NA,NA,NA,NA,5.31412,NA,NA,6.95555,6.6,NA,NA,NA,NA,NA,NA,77.13272,NA,NA,NA,NA,NA,NA,11.31126,NA,NA
1981,NA,NA,NA,NA,NA,NA,NA,NA,NA,50.71439,NA,NA,NA,NA,NA,5.49605,NA,NA,NA,NA,NA,NA,NA,NA,NA,NA,NA,NA,NA,NA,NA,NA,NA,NA,NA,NA,NA,NA,NA,NA,NA,NA,NA,NA,NA,NA,NA,NA,NA,NA,NA,NA,NA,NA,12.8,NA,NA,NA,NA,NA,NA,NA,NA,NA,NA,NA,NA,NA,21.2,NA,6.2,24.48493,NA,NA,NA,NA,NA,NA,NA,NA,NA,NA,NA,15.3,NA,NA,NA,NA,NA,NA,NA,NA,NA,NA,NA,NA,NA,NA,NA,NA,NA,NA,NA,NA,NA,NA,NA,NA,NA,NA,NA,NA,NA,NA,NA,NA,NA,NA,NA,NA,NA,NA,NA,NA,NA,NA,NA,NA,56.69504,NA,NA,NA,21.64692,NA,NA,NA,NA,NA,NA,NA,NA,NA,NA,NA,NA,NA,NA,NA,NA,1.52525,NA,NA,NA,NA,NA,NA,NA,NA,NA,NA,NA,NA,NA,NA,NA,NA,NA,NA,NA,NA,NA,NA,NA,NA,NA,NA,NA,NA,NA,NA,NA,NA
1982,NA,NA,NA,NA,NA,NA,NA,NA,NA,NA,NA,NA,NA,NA,NA,NA,NA,NA,NA,NA,NA,NA,NA,NA,NA,NA,NA,NA,NA,NA,NA,NA,NA,6.64788,NA,NA,NA,NA,NA,NA,NA,NA,NA,NA,NA,NA,NA,NA,NA,NA,NA,NA,15.43624,NA,NA,NA,NA,NA,NA,NA,NA,NA,NA,NA,NA,NA,NA,NA,NA,NA,NA,NA,NA,NA,NA,NA,NA,NA,NA,NA,NA,NA,NA,NA,NA,NA,NA,NA,NA,NA,NA,NA,NA,NA,NA,NA,NA,NA,NA,NA,NA,NA,NA,NA,NA,NA,NA,NA,NA,NA,NA,NA,NA,NA,NA,NA,NA,NA,NA,NA,NA,NA,NA,NA,NA,NA,NA,NA,NA,NA,NA,NA,NA,NA,NA,NA,10.36068,NA,NA,NA,NA,NA,NA,NA,NA,NA,NA,NA,NA,NA,NA,NA,NA,NA,NA,NA,NA,NA,NA,NA,NA,NA,NA,NA,NA,NA,NA,NA,NA,NA,NA,NA,NA,NA,NA,NA,NA,NA,NA,NA,NA,NA
1983,NA,NA,NA,NA,NA,NA,NA,NA,NA,NA,NA,NA,NA,NA,NA,NA,NA,NA,NA,NA,NA,NA,NA,NA,NA,NA,NA,NA,NA,NA,NA,NA,NA,NA,NA,NA,NA,NA,NA,NA,NA,NA,NA,NA,NA,NA,NA,NA,NA,NA,NA,NA,NA,NA,NA,NA,NA,NA,NA,NA,NA,NA,NA,NA,NA,NA,NA,NA,NA,NA,NA,NA,NA,NA,NA,NA,NA,NA,NA,NA,NA,NA,NA,NA,NA,NA,NA,NA,NA,NA,NA,NA,NA,NA,NA,NA,NA,NA,NA,NA,NA,NA,NA,NA,NA,NA,NA,NA,NA,NA,NA,NA,NA,NA,NA,NA,NA,NA,NA,NA,NA,NA,NA,NA,NA,NA,NA,NA,NA,NA,NA,NA,NA,NA,NA,NA,NA,NA,NA,NA,NA,NA,NA,2.8,NA,NA,NA,NA,NA,NA,NA,NA,NA,NA,NA,NA,NA,NA,NA,NA,NA,NA,NA,NA,NA,NA,NA,NA,NA,NA,NA,NA,NA,NA,NA,NA,NA,NA,NA,NA,NA,NA
1984,NA,NA,NA,NA,NA,NA,NA,NA,NA,NA,NA,NA,NA,NA,NA,NA,NA,NA,NA,NA,NA,NA,NA,NA,NA,NA,NA,NA,NA,NA,NA,NA,NA,NA,NA,NA,NA,8.77368,NA,NA,NA,NA,NA,NA,NA,NA,NA,NA,NA,NA,NA,NA,NA,NA,NA,NA,NA,NA,NA,NA,NA,NA,NA,NA,NA,NA,NA,NA,NA,NA,NA,NA,NA,NA,NA,NA,NA,NA,NA,NA,NA,NA,NA,NA,NA,NA,NA,NA,NA,NA,NA,NA,NA,NA,NA,NA,NA,NA,NA,NA,NA,NA,NA,NA,NA,NA,NA,NA,NA,NA,NA,NA,NA,NA,NA,NA,NA,NA,NA,NA,NA,NA,NA,NA,NA,NA,NA,NA,NA,NA,NA,NA,NA,NA,NA,NA,NA,NA,NA,NA,NA,NA,NA,NA,NA,NA,NA,NA,NA,NA,NA,NA,NA,NA,NA,NA,NA,NA,NA,NA,NA,NA,NA,NA,NA,NA,NA,NA,NA,NA,NA,NA,NA,NA,NA,NA,NA,NA,NA,NA,NA,NA
1985,NA,NA,NA,NA,NA,NA,NA,NA,NA,NA,NA,NA,NA,NA,NA,NA,NA,NA,NA,NA,NA,NA,NA,NA,NA,NA,NA,NA,NA,NA,NA,NA,NA,NA,NA,NA,NA,NA,NA,NA,NA,NA,NA,NA,NA,NA,NA,NA,NA,NA,NA,NA,NA,NA,NA,NA,NA,NA,NA,NA,NA,NA,NA,NA,NA,NA,NA,NA,NA,NA,NA,NA,NA,NA,NA,NA,NA,NA,NA,NA,NA,NA,NA,NA,NA,NA,NA,NA,NA,NA,NA,NA,56.96377,31.71997,NA,NA,NA,NA,NA,NA,NA,NA,NA,NA,NA,NA,NA,NA,NA,NA,NA,NA,NA,NA,NA,NA,NA,NA,NA,NA,NA,NA,NA,NA,NA,NA,NA,NA,NA,NA,NA,NA,NA,NA,NA,NA,NA,NA,NA,NA,NA,NA,NA,NA,NA,NA,NA,NA,NA,NA,NA,NA,NA,NA,NA,NA,NA,NA,NA,NA,NA,NA,NA,NA,NA,NA,NA,NA,NA,NA,NA,NA,NA,NA,NA,NA,NA,NA,NA,8.2443,NA,NA
1986,NA,NA,NA,NA,NA,NA,NA,NA,NA,NA,NA,NA,NA,NA,NA,NA,NA,NA,NA,NA,NA,NA,NA,NA,NA,NA,NA,NA,NA,NA,44.13345,NA,NA,NA,NA,NA,NA,NA,NA,NA,NA,NA,NA,NA,NA,NA,NA,NA,NA,NA,NA,NA,NA,NA,15.7,NA,NA,NA,NA,NA,NA,NA,NA,NA,NA,NA,NA,NA,NA,NA,NA,NA,NA,NA,NA,NA,NA,NA,NA,NA,NA,NA,NA,NA,NA,NA,NA,NA,NA,NA,NA,NA,NA,NA,NA,NA,NA,NA,NA,NA,NA,NA,NA,NA,NA,NA,NA,NA,NA,NA,NA,NA,NA,NA,NA,NA,NA,NA,NA,NA,NA,NA,NA,NA,NA,NA,NA,NA,NA,NA,NA,NA,NA,NA,NA,NA,NA,NA,26.6,NA,NA,NA,NA,NA,NA,NA,NA,NA,NA,NA,NA,NA,NA,52.87773,9.65403,NA,NA,NA,NA,NA,NA,NA,NA,NA,NA,NA,NA,NA,NA,NA,NA,NA,NA,NA,NA,NA,NA,NA,NA,NA,NA,NA
1987,NA,NA,NA,NA,NA,NA,NA,NA,NA,NA,NA,NA,NA,NA,NA,NA,NA,NA,NA,NA,NA,NA,NA,NA,NA,NA,NA,NA,NA,NA,NA,NA,NA,NA,NA,NA,NA,NA,NA,NA,NA,NA,NA,NA,NA,NA,NA,NA,NA,NA,NA,NA,NA,NA,NA,NA,NA,NA,NA,NA,NA,NA,NA,NA,NA,NA,NA,NA,NA,NA,NA,NA,NA,NA,NA,NA,NA,NA,NA,NA,NA,NA,NA,NA,NA,NA,NA,NA,NA,NA,NA,NA,NA,NA,NA,NA,NA,NA,NA,NA,NA,NA,NA,NA,NA,NA,NA,NA,NA,NA,NA,NA,NA,NA,NA,NA,NA,NA,NA,2.47438,NA,NA,NA,NA,NA,NA,NA,NA,NA,NA,NA,NA,NA,NA,NA,NA,NA,NA,NA,NA,NA,NA,NA,NA,NA,NA,NA,NA,NA,NA,NA,NA,NA,54.1736,NA,NA,NA,NA,NA,NA,NA,NA,NA,NA,NA,NA,NA,NA,NA,NA,NA,NA,NA,NA,NA,NA,NA,NA,NA,NA,NA,NA
1988,NA,NA,NA,NA,NA,NA,NA,NA,NA,NA,NA,NA,NA,NA,NA,NA,NA,NA,NA,NA,NA,NA,NA,NA,NA,NA,NA,NA,NA,NA,NA,NA,NA,NA,NA,NA,NA,NA,NA,NA,NA,NA,NA,NA,NA,NA,NA,NA,NA,NA,NA,NA,NA,NA,NA,NA,NA,NA,NA,NA,NA,NA,NA,NA,NA,NA,NA,NA,NA,NA,NA,NA,NA,NA,NA,NA,NA,NA,NA,NA,NA,NA,NA,NA,NA,NA,NA,NA,NA,NA,NA,NA,NA,31.50116,NA,NA,NA,NA,NA,NA,NA,NA,NA,NA,NA,NA,NA,NA,NA,NA,NA,NA,NA,NA,NA,NA,NA,NA,NA,NA,NA,NA,NA,NA,NA,NA,NA,NA,NA,NA,NA,NA,NA,NA,NA,NA,NA,NA,NA,NA,NA,NA,NA,NA,NA,NA,NA,NA,NA,NA,NA,NA,NA,55.56887,NA,NA,NA,NA,NA,NA,NA,NA,NA,NA,NA,NA,NA,NA,NA,NA,NA,NA,NA,NA,NA,NA,NA,NA,NA,NA,NA,NA
1989,NA,NA,NA,NA,NA,NA,NA,NA,NA,NA,NA,NA,NA,NA,NA,NA,NA,NA,NA,NA,NA,NA,NA,NA,NA,NA,NA,NA,NA,NA,NA,NA,NA,NA,NA,NA,NA,NA,NA,NA,NA,NA,NA,NA,NA,NA,NA,NA,NA,NA,NA,NA,NA,NA,NA,NA,NA,NA,NA,NA,NA,NA,NA,NA,NA,NA,NA,NA,NA,NA,NA,NA,NA,NA,NA,NA,NA,NA,NA,NA,NA,NA,NA,NA,NA,NA,NA,NA,NA,NA,NA,NA,NA,NA,NA,NA,NA,NA,NA,NA,NA,NA,NA,NA,NA,NA,NA,NA,NA,NA,NA,NA,NA,NA,NA,NA,NA,NA,NA,NA,NA,NA,NA,NA,NA,NA,NA,NA,NA,NA,NA,NA,NA,NA,NA,NA,NA,NA,NA,NA,NA,NA,NA,NA,NA,NA,NA,NA,NA,NA,NA,NA,NA,56.89197,NA,NA,NA,NA,NA,NA,NA,NA,NA,NA,NA,NA,NA,NA,NA,NA,NA,NA,NA,NA,NA,NA,NA,NA,NA,NA,NA,NA
1990,NA,NA,NA,NA,NA,NA,NA,NA,NA,NA,NA,NA,NA,NA,NA,NA,NA,NA,NA,NA,NA,NA,NA,NA,NA,NA,NA,NA,NA,NA,NA,NA,NA,NA,NA,NA,NA,NA,NA,NA,NA,NA,NA,NA,NA,NA,NA,NA,NA,NA,NA,NA,NA,NA,NA,NA,NA,NA,NA,NA,NA,NA,NA,NA,NA,NA,NA,NA,NA,NA,NA,NA,NA,NA,NA,40.8641,NA,NA,NA,NA,NA,NA,NA,NA,NA,NA,NA,NA,NA,NA,NA,NA,48.4,NA,NA,NA,NA,NA,NA,NA,NA,NA,NA,NA,NA,NA,NA,NA,19.91122,NA,NA,NA,NA,NA,NA,NA,NA,NA,25.8,NA,NA,NA,NA,NA,NA,NA,66.01643,NA,NA,NA,NA,30.84342,NA,NA,NA,NA,NA,NA,NA,NA,NA,NA,NA,NA,NA,12.83509,NA,NA,NA,NA,NA,NA,NA,58.78475,NA,NA,NA,NA,NA,NA,NA,NA,NA,NA,NA,NA,NA,NA,NA,NA,NA,NA,NA,NA,NA,NA,NA,NA,NA,NA,15.92285,NA
1991,NA,NA,NA,NA,NA,NA,NA,NA,NA,NA,NA,NA,NA,NA,NA,NA,NA,NA,NA,NA,NA,NA,NA,NA,NA,NA,NA,NA,NA,NA,49.35452,NA,NA,NA,NA,NA,NA,NA,NA,NA,NA,NA,NA,NA,NA,NA,NA,NA,NA,57.83618,NA,NA,NA,NA,NA,NA,NA,NA,NA,NA,NA,NA,NA,NA,NA,NA,NA,NA,30.7,NA,NA,36.16254,NA,NA,NA,NA,NA,NA,41.67169,NA,NA,NA,NA,NA,NA,NA,NA,NA,NA,NA,NA,NA,NA,NA,NA,NA,NA,NA,NA,NA,NA,NA,NA,25.86111,NA,NA,NA,NA,NA,NA,NA,NA,NA,NA,NA,NA,NA,NA,NA,NA,NA,NA,NA,NA,NA,NA,NA,NA,46.9,NA,NA,NA,NA,NA,NA,NA,NA,NA,NA,NA,NA,NA,NA,NA,NA,NA,NA,NA,NA,NA,NA,NA,NA,60.03083,NA,NA,NA,NA,NA,NA,NA,NA,NA,NA,NA,NA,NA,NA,NA,1.85458,NA,NA,NA,NA,NA,NA,20.21217,NA,NA,NA,NA,NA
1992,NA,NA,NA,NA,NA,NA,NA,NA,NA,NA,NA,NA,NA,NA,NA,NA,NA,NA,NA,NA,NA,NA,NA,28.03943,NA,NA,NA,NA,NA,NA,NA,NA,NA,NA,NA,NA,NA,NA,NA,NA,NA,NA,NA,NA,NA,NA,NA,NA,NA,NA,NA,NA,NA,NA,NA,NA,NA,NA,NA,NA,NA,NA,NA,NA,NA,NA,NA,NA,NA,NA,NA,NA,NA,NA,NA,NA,NA,NA,NA,NA,NA,NA,NA,NA,NA,NA,NA,NA,NA,NA,NA,NA,NA,NA,NA,NA,NA,NA,NA,NA,NA,NA,NA,NA,NA,NA,NA,NA,NA,NA,NA,NA,NA,NA,NA,NA,NA,NA,NA,NA,NA,NA,NA,NA,NA,NA,NA,NA,NA,NA,NA,NA,NA,NA,NA,NA,17.57184,NA,NA,NA,NA,NA,NA,NA,NA,NA,NA,NA,NA,NA,NA,NA,NA,62.71665,NA,NA,NA,NA,NA,NA,NA,NA,NA,NA,NA,NA,NA,NA,NA,NA,NA,NA,NA,NA,NA,NA,NA,NA,NA,NA,NA,NA
1993,NA,NA,NA,NA,NA,NA,NA,NA,NA,NA,NA,NA,NA,NA,NA,NA,NA,NA,NA,NA,NA,NA,NA,NA,NA,NA,NA,NA,NA,NA,NA,NA,NA,NA,NA,NA,NA,NA,27.67818,NA,NA,NA,NA,NA,NA,NA,NA,NA,NA,NA,NA,NA,NA,NA,NA,NA,NA,NA,NA,NA,NA,NA,NA,NA,NA,NA,NA,NA,NA,NA,NA,NA,NA,NA,NA,NA,NA,NA,NA,NA,NA,NA,NA,NA,NA,NA,NA,NA,NA,NA,NA,NA,NA,NA,NA,NA,NA,NA,NA,NA,NA,NA,NA,NA,NA,NA,NA,NA,NA,NA,NA,NA,NA,NA,NA,NA,NA,NA,NA,NA,NA,NA,NA,NA,NA,NA,NA,NA,NA,NA,NA,NA,20.74899,NA,NA,NA,NA,NA,NA,NA,NA,NA,NA,NA,NA,NA,NA,NA,NA,NA,NA,NA,NA,64.50604,NA,NA,NA,NA,NA,NA,NA,NA,NA,NA,NA,NA,NA,NA,NA,NA,NA,NA,NA,NA,NA,NA,NA,NA,NA,NA,NA,NA
1994,NA,NA,NA,NA,NA,NA,NA,NA,NA,NA,NA,NA,NA,NA,NA,NA,NA,NA,NA,NA,NA,NA,NA,NA,NA,NA,NA,NA,NA,NA,NA,NA,NA,NA,NA,NA,NA,NA,NA,NA,NA,NA,NA,NA,NA,NA,NA,NA,NA,58.16189,NA,NA,NA,NA,NA,NA,NA,NA,NA,NA,NA,NA,NA,NA,NA,NA,NA,NA,NA,NA,NA,NA,NA,NA,NA,NA,NA,NA,NA,NA,NA,NA,NA,NA,NA,NA,NA,NA,NA,NA,NA,NA,NA,NA,NA,NA,NA,NA,NA,NA,NA,NA,NA,NA,NA,NA,NA,NA,NA,NA,NA,NA,NA,NA,NA,NA,NA,NA,NA,NA,NA,NA,NA,NA,NA,NA,NA,NA,NA,NA,NA,NA,NA,NA,NA,NA,NA,NA,NA,NA,NA,NA,NA,NA,NA,NA,NA,NA,NA,NA,NA,NA,NA,65.70173,NA,NA,NA,NA,NA,NA,NA,NA,NA,NA,NA,NA,NA,NA,NA,NA,NA,NA,NA,NA,NA,NA,NA,NA,NA,NA,NA,NA
1995,NA,NA,NA,NA,NA,NA,NA,NA,NA,NA,NA,NA,NA,NA,NA,NA,NA,NA,NA,NA,NA,NA,NA,NA,NA,NA,NA,NA,NA,NA,NA,NA,NA,NA,NA,NA,NA,NA,NA,NA,NA,NA,NA,NA,NA,NA,NA,NA,NA,60.04218,NA,NA,NA,NA,NA,NA,NA,NA,NA,NA,NA,NA,NA,NA,NA,NA,NA,NA,NA,NA,NA,NA,NA,NA,NA,NA,NA,NA,NA,NA,NA,NA,NA,NA,NA,NA,NA,NA,NA,NA,NA,NA,56.46121,NA,NA,NA,NA,NA,NA,NA,NA,NA,NA,NA,NA,NA,NA,NA,NA,NA,NA,NA,NA,NA,NA,NA,NA,NA,NA,NA,NA,NA,NA,NA,NA,NA,NA,NA,NA,NA,NA,NA,NA,NA,NA,NA,NA,NA,NA,NA,NA,NA,NA,NA,NA,21.31434,NA,NA,NA,NA,NA,NA,NA,67.03554,NA,NA,NA,NA,NA,NA,NA,NA,NA,77.07228,NA,NA,NA,NA,NA,NA,NA,NA,NA,NA,NA,NA,NA,NA,NA,NA,NA,NA
1996,NA,NA,NA,NA,NA,NA,NA,NA,NA,NA,NA,NA,NA,NA,NA,NA,NA,NA,NA,NA,NA,NA,NA,NA,NA,NA,NA,NA,NA,NA,NA,NA,NA,NA,NA,NA,NA,NA,NA,NA,NA,NA,NA,NA,NA,NA,NA,NA,NA,NA,NA,NA,NA,NA,NA,NA,NA,NA,25.57935,NA,NA,NA,NA,NA,NA,NA,NA,NA,NA,NA,NA,43.07972,NA,NA,NA,NA,NA,NA,NA,NA,NA,NA,NA,NA,NA,NA,NA,NA,NA,NA,NA,NA,NA,NA,NA,NA,NA,NA,NA,NA,NA,NA,NA,NA,NA,NA,NA,NA,NA,NA,NA,NA,NA,NA,NA,NA,NA,NA,NA,NA,30.37132,NA,NA,NA,NA,NA,NA,NA,NA,NA,NA,NA,NA,NA,NA,NA,NA,NA,NA,NA,NA,NA,NA,NA,NA,NA,NA,NA,NA,NA,NA,NA,NA,NA,NA,NA,NA,NA,NA,NA,NA,NA,NA,NA,NA,NA,NA,NA,NA,NA,NA,NA,NA,NA,NA,NA,NA,NA,NA,NA,NA,NA
1997,NA,NA,NA,NA,NA,NA,NA,NA,NA,NA,NA,NA,NA,NA,NA,NA,NA,NA,NA,NA,NA,NA,NA,NA,NA,NA,NA,NA,NA,NA,NA,NA,NA,NA,NA,NA,NA,NA,NA,NA,NA,NA,NA,NA,NA,NA,NA,NA,NA,NA,NA,NA,NA,NA,NA,NA,NA,NA,NA,NA,NA,NA,NA,NA,NA,NA,NA,NA,NA,NA,NA,NA,NA,NA,NA,NA,NA,NA,NA,NA,NA,NA,NA,NA,NA,NA,NA,NA,NA,NA,NA,NA,NA,NA,NA,NA,NA,NA,NA,NA,NA,NA,NA,NA,NA,NA,NA,NA,NA,NA,NA,NA,NA,NA,NA,NA,NA,NA,NA,NA,NA,NA,NA,NA,NA,NA,NA,NA,NA,NA,NA,NA,NA,NA,NA,NA,NA,NA,NA,NA,NA,NA,NA,NA,NA,NA,NA,NA,NA,NA,NA,NA,NA,NA,NA,NA,NA,NA,NA,NA,NA,NA,NA,NA,NA,NA,NA,NA,NA,NA,NA,NA,NA,NA,NA,NA,NA,NA,NA,NA,NA,NA
1998,NA,NA,NA,NA,NA,NA,NA,NA,NA,NA,NA,NA,NA,NA,NA,NA,NA,NA,NA,NA,NA,NA,NA,NA,NA,NA,NA,NA,NA,NA,NA,NA,NA,NA,NA,NA,NA,NA,NA,NA,NA,NA,NA,NA,NA,NA,NA,NA,NA,NA,NA,NA,NA,NA,NA,NA,NA,NA,NA,NA,NA,NA,NA,NA,NA,NA,NA,NA,NA,NA,NA,NA,NA,NA,NA,NA,NA,NA,NA,NA,NA,NA,NA,NA,NA,NA,NA,NA,NA,NA,NA,NA,NA,NA,NA,NA,NA,NA,NA,NA,NA,NA,NA,NA,NA,NA,NA,NA,NA,NA,NA,NA,NA,NA,NA,NA,NA,NA,NA,5.21244,NA,NA,NA,NA,NA,NA,NA,NA,NA,NA,NA,NA,NA,NA,NA,14.54878,NA,NA,NA,NA,NA,NA,NA,NA,NA,NA,NA,NA,NA,NA,NA,NA,NA,NA,NA,NA,NA,NA,NA,NA,NA,NA,NA,NA,NA,NA,NA,NA,NA,NA,NA,NA,NA,NA,NA,NA,NA,NA,NA,NA,NA,NA
1999,NA,NA,NA,NA,NA,NA,NA,NA,NA,NA,83.52632,NA,NA,NA,NA,NA,NA,NA,NA,NA,NA,NA,NA,NA,NA,NA,NA,NA,NA,NA,NA,NA,NA,NA,NA,NA,NA,NA,NA,NA,NA,NA,NA,NA,NA,NA,NA,NA,NA,NA,NA,NA,NA,NA,NA,NA,NA,NA,NA,NA,NA,NA,NA,NA,NA,NA,NA,NA,NA,NA,NA,NA,NA,NA,NA,NA,NA,NA,NA,NA,NA,NA,NA,NA,NA,NA,NA,70.51832,NA,76.97304,NA,NA,NA,NA,NA,NA,NA,NA,NA,NA,NA,NA,NA,NA,NA,NA,NA,NA,NA,NA,NA,NA,NA,NA,NA,NA,NA,NA,NA,NA,NA,NA,NA,NA,NA,NA,NA,NA,NA,NA,NA,NA,NA,NA,NA,15.25654,NA,NA,NA,NA,NA,NA,NA,NA,NA,NA,NA,NA,NA,NA,NA,NA,NA,NA,NA,NA,NA,NA,NA,NA,NA,NA,NA,NA,NA,NA,NA,NA,NA,NA,NA,NA,NA,NA,NA,NA,NA,NA,NA,NA,NA,NA
2000,NA,NA,NA,NA,NA,NA,NA,NA,NA,NA,NA,NA,NA,NA,NA,NA,NA,NA,70.94155,NA,NA,NA,84.9348,NA,NA,24.20573,NA,NA,NA,NA,NA,NA,NA,NA,NA,NA,NA,NA,NA,NA,NA,NA,NA,NA,NA,NA,NA,NA,NA,NA,NA,NA,NA,NA,NA,71.45966,NA,NA,NA,NA,NA,NA,NA,NA,NA,NA,NA,NA,NA,NA,NA,NA,NA,NA,NA,NA,NA,NA,NA,NA,NA,NA,NA,NA,NA,NA,NA,NA,NA,NA,NA,NA,63.7146,NA,NA,NA,NA,NA,NA,NA,NA,NA,NA,NA,NA,NA,NA,NA,18.57731,NA,NA,20.39844,NA,NA,53.37226,NA,NA,NA,20.39844,NA,36.40709,NA,NA,NA,NA,NA,NA,NA,NA,NA,NA,33.67726,NA,35.70847,NA,15.67507,NA,NA,NA,NA,NA,NA,30.0666,NA,NA,NA,NA,NA,NA,NA,NA,NA,NA,NA,NA,NA,NA,NA,NA,NA,NA,NA,78.96372,NA,NA,NA,NA,NA,NA,NA,NA,NA,NA,NA,NA,NA,NA,NA,NA,NA,NA,NA
2001,NA,NA,NA,37.04489,NA,34.29335,81.58308,NA,NA,NA,NA,NA,NA,NA,NA,17.12843,59.46212,49.65031,NA,NA,NA,NA,NA,38.00857,NA,NA,NA,NA,NA,NA,67.74513,NA,NA,NA,NA,NA,NA,NA,NA,NA,NA,NA,NA,NA,NA,NA,NA,NA,10.76944,NA,NA,NA,NA,NA,NA,NA,NA,NA,NA,NA,NA,NA,NA,NA,NA,NA,NA,NA,NA,NA,NA,NA,NA,59.60198,NA,55.074,NA,NA,NA,NA,NA,NA,NA,35.44435,NA,NA,NA,NA,NA,NA,NA,NA,NA,NA,NA,NA,NA,NA,56.10404,NA,NA,39.94764,NA,NA,NA,NA,NA,NA,NA,NA,NA,NA,NA,NA,NA,NA,NA,NA,NA,NA,NA,17.55071,NA,NA,NA,NA,NA,16.94186,71.18921,NA,NA,NA,NA,NA,NA,16.4254,NA,NA,NA,NA,NA,NA,NA,NA,NA,NA,NA,NA,NA,NA,NA,41.75398,NA,NA,NA,NA,NA,NA,NA,NA,NA,NA,NA,NA,NA,NA,NA,NA,NA,NA,74.31923,NA,NA,NA,NA,NA,NA,NA,NA,26.97645,NA,NA
2002,NA,NA,NA,NA,NA,NA,NA,NA,NA,NA,NA,NA,NA,NA,NA,NA,NA,NA,NA,NA,NA,NA,NA,NA,NA,NA,NA,NA,NA,NA,NA,NA,NA,NA,NA,NA,NA,NA,NA,NA,NA,NA,NA,NA,NA,NA,NA,NA,NA,NA,NA,NA,NA,NA,NA,NA,NA,NA,NA,NA,NA,NA,83.66328,NA,NA,NA,NA,NA,NA,NA,13.28248,NA,NA,NA,NA,NA,NA,NA,NA,NA,NA,NA,NA,NA,NA,NA,NA,NA,NA,NA,NA,NA,NA,NA,NA,NA,NA,NA,NA,NA,NA,NA,NA,NA,NA,NA,NA,NA,NA,NA,NA,NA,NA,NA,NA,NA,NA,NA,NA,NA,NA,NA,NA,NA,NA,NA,NA,NA,NA,NA,NA,NA,NA,NA,71.89014,16.74171,NA,NA,NA,52.6526,89.07696,NA,NA,NA,NA,NA,NA,NA,NA,NA,NA,NA,NA,NA,NA,NA,46.03647,10.43196,NA,NA,NA,NA,NA,NA,NA,NA,NA,NA,1.62288,6.45394,NA,NA,NA,NA,NA,NA,NA,NA,NA,47.23959,NA,10.35751
2003,NA,NA,NA,NA,NA,42.15663,NA,NA,NA,NA,NA,NA,NA,NA,NA,NA,NA,NA,NA,NA,NA,NA,NA,NA,NA,NA,NA,NA,NA,NA,NA,NA,NA,NA,NA,NA,NA,NA,NA,NA,NA,NA,NA,NA,NA,NA,NA,NA,NA,84.26317,NA,NA,NA,NA,NA,NA,NA,64.39629,NA,NA,NA,NA,NA,NA,NA,NA,NA,NA,NA,NA,NA,NA,NA,NA,NA,NA,NA,NA,NA,NA,NA,NA,NA,NA,NA,1.40941,NA,NA,NA,NA,NA,NA,NA,NA,NA,NA,NA,NA,NA,NA,NA,50.52935,NA,NA,NA,NA,NA,NA,NA,NA,NA,NA,NA,64.55425,NA,NA,NA,NA,NA,NA,NA,NA,NA,NA,NA,NA,NA,NA,NA,28.95032,NA,NA,NA,NA,NA,18.44426,24.07877,NA,NA,NA,NA,NA,NA,NA,NA,NA,NA,NA,NA,NA,NA,NA,NA,NA,NA,NA,NA,NA,NA,NA,NA,NA,NA,NA,NA,NA,NA,NA,NA,NA,NA,34.4548,NA,NA,NA,NA,NA,NA,NA,49.35774,NA,NA
2004,NA,NA,NA,NA,NA,NA,NA,NA,64.121,NA,NA,NA,NA,NA,NA,NA,NA,NA,NA,NA,NA,NA,NA,NA,29.416,NA,NA,NA,NA,NA,NA,NA,50.02242,NA,NA,NA,NA,NA,34.94966,NA,NA,NA,NA,NA,57.13891,NA,78.48408,NA,NA,82.27848,NA,NA,NA,NA,37.26165,NA,NA,NA,NA,55.69758,NA,NA,NA,NA,NA,NA,NA,NA,NA,NA,NA,NA,NA,NA,NA,NA,NA,NA,NA,NA,NA,NA,51.74616,NA,NA,NA,NA,NA,NA,NA,NA,NA,NA,NA,NA,NA,NA,NA,NA,NA,NA,NA,79.05493,NA,NA,NA,NA,NA,22.41144,NA,NA,NA,NA,NA,NA,NA,NA,NA,NA,NA,NA,NA,NA,NA,NA,64.72815,80.6915,NA,NA,NA,NA,NA,46.77561,51.09818,NA,20.33035,NA,30.76329,40.97153,NA,NA,NA,34.1683,NA,NA,NA,NA,NA,NA,NA,8.69516,NA,74.0511,78.24978,NA,NA,NA,NA,NA,5.51998,NA,22.64363,NA,NA,NA,NA,21.02692,NA,NA,NA,NA,NA,85.15315,NA,NA,NA,NA,NA,NA,50.2828,NA,NA
2005,NA,NA,NA,NA,47.10615,NA,NA,NA,65.03385,74.20216,NA,NA,NA,NA,NA,NA,NA,NA,NA,NA,NA,NA,NA,NA,NA,NA,NA,NA,NA,NA,NA,NA,NA,NA,NA,NA,NA,NA,33.70995,NA,NA,NA,NA,NA,58.66734,NA,77.62368,NA,NA,NA,NA,NA,NA,NA,40.38942,NA,NA,66.19799,NA,56.59061,NA,NA,NA,NA,NA,NA,NA,NA,48.98368,NA,NA,NA,NA,NA,NA,63.55242,NA,NA,NA,NA,NA,60.74126,NA,40.49738,NA,NA,NA,NA,NA,NA,NA,NA,69.2535,25.36317,NA,NA,NA,NA,NA,NA,74.17682,NA,80.07761,NA,NA,NA,NA,NA,25.87864,NA,NA,22.76704,NA,NA,NA,NA,NA,NA,NA,NA,27.60152,NA,NA,NA,NA,64.95449,71.2689,NA,NA,NA,6.75867,NA,44.03978,NA,NA,21.3363,29.61668,NA,NA,NA,NA,NA,NA,NA,NA,59.38451,NA,NA,NA,NA,NA,NA,73.62079,79.04018,NA,NA,NA,NA,NA,NA,NA,NA,NA,NA,NA,NA,22.19003,NA,NA,NA,NA,NA,85.19178,NA,NA,NA,NA,NA,NA,50.95873,NA,NA
2006,NA,NA,NA,NA,NA,NA,NA,NA,66.71384,NA,NA,NA,57.73293,NA,4.00732,NA,64.44891,NA,NA,NA,NA,NA,NA,33.49575,32.42108,NA,NA,NA,NA,NA,79.40339,NA,NA,NA,NA,NA,NA,NA,32.26968,NA,NA,NA,NA,NA,61.20075,85.47783,77.84647,NA,NA,NA,NA,7.65762,NA,40.38026,41.44183,84.92073,NA,67.13085,NA,NA,NA,NA,NA,NA,NA,NA,NA,NA,44.41637,NA,10.58574,54.11436,NA,NA,NA,NA,26.40831,NA,NA,43.35366,NA,NA,NA,41.40566,NA,NA,NA,NA,NA,NA,NA,NA,NA,25.56171,NA,NA,NA,NA,NA,NA,75.85506,NA,79.83437,35.69893,NA,NA,NA,5.23491,30.26075,NA,5.49086,NA,NA,NA,NA,NA,NA,NA,NA,NA,NA,NA,NA,44.85834,NA,NA,73.2487,NA,72.77233,NA,23.34605,NA,44.05081,NA,NA,22.40993,27.35122,31.21935,NA,NA,NA,NA,NA,NA,4.92511,58.74782,NA,24.41154,NA,NA,NA,NA,75.03429,79.74209,NA,NA,NA,NA,NA,NA,NA,22.56996,NA,NA,NA,NA,23.20075,NA,NA,NA,NA,24.739,85.72323,NA,NA,35.09054,NA,NA,NA,51.69332,NA,NA
2007,NA,NA,NA,NA,NA,NA,NA,NA,68.18978,73.59061,82.94914,NA,NA,NA,0.4951,NA,67.02065,NA,NA,NA,NA,NA,NA,NA,33.74557,NA,NA,NA,NA,NA,NA,NA,50.56865,NA,NA,NA,NA,NA,36.51919,NA,NA,33.45751,NA,73.56458,63.52534,85.77609,79.11421,NA,NA,76.28141,30.82212,NA,33.24864,NA,42.32306,85.69726,7.02419,67.96841,39.32962,59.42295,NA,NA,NA,NA,NA,NA,NA,NA,52.17163,NA,NA,NA,16.10874,NA,NA,NA,26.00787,NA,60.54349,NA,NA,NA,76.76325,43.08965,NA,51.1536,NA,96.30823,NA,NA,6.42406,NA,NA,25.62124,NA,32.92844,NA,NA,NA,NA,76.53515,61.72164,80.97098,NA,NA,72.91832,NA,NA,30.20546,NA,NA,23.0604,NA,NA,NA,NA,NA,NA,NA,NA,NA,NA,NA,NA,NA,67.44873,73.64836,NA,NA,NA,NA,NA,46.70496,NA,NA,22.29382,26.41563,32.05209,49.30328,64.27207,NA,NA,NA,NA,NA,59.64626,NA,21.55644,NA,NA,NA,NA,73.21063,80.39607,NA,NA,NA,21.85247,NA,NA,NA,NA,NA,NA,NA,NA,23.68567,NA,NA,NA,NA,NA,NA,NA,NA,39.78274,NA,NA,NA,51.94975,NA,NA
2008,NA,NA,NA,39.88911,NA,NA,NA,NA,70.08896,72.46946,82.96022,NA,60.42416,NA,NA,NA,67.61235,NA,NA,NA,NA,NA,NA,36.08511,35.45447,NA,NA,NA,NA,NA,NA,NA,51.86136,NA,NA,NA,NA,NA,38.06184,NA,NA,35.73051,NA,77.28767,64.49926,86.13708,80.16417,NA,NA,78.78989,NA,25.41652,33.2257,NA,42.83237,85.3211,NA,68.78509,NA,60.34956,NA,NA,NA,NA,NA,NA,NA,NA,52.66654,NA,NA,55.28693,NA,NA,NA,NA,26.20051,NA,NA,39.13467,NA,NA,NA,43.99956,NA,41.04938,NA,NA,NA,NA,3.00848,NA,NA,26.53352,NA,NA,NA,NA,NA,13.80993,78.35047,NA,82.15969,NA,NA,74.19954,NA,NA,30.34551,NA,NA,NA,NA,NA,NA,NA,NA,NA,NA,NA,NA,NA,NA,NA,NA,66.22115,74.92724,NA,NA,41.46747,22.58324,NA,46.86591,NA,78.83979,22.79752,28.61777,32.75967,50.82884,64.71768,NA,NA,NA,NA,NA,63.17277,NA,24.80105,62.54542,NA,NA,NA,75.80002,76.27388,NA,NA,NA,21.35331,NA,NA,NA,NA,NA,NA,57.02307,NA,26.49287,NA,NA,8.77389,NA,26.97723,86.61413,NA,NA,41.44366,NA,NA,NA,54.18271,NA,NA
2009,NA,NA,NA,NA,NA,NA,NA,NA,70.85574,75.81019,88.61049,NA,61.6929,NA,NA,NA,68.25976,NA,NA,NA,84.8541,NA,NA,38.4426,37.10688,NA,NA,NA,NA,NA,NA,82.71612,NA,NA,NA,NA,NA,NA,37.65163,NA,NA,36.54697,NA,NA,63.82221,87.24941,80.61875,NA,NA,74.97761,NA,NA,34.03589,NA,43.33484,85.68479,NA,69.63254,NA,61.25699,NA,84.67217,NA,NA,NA,NA,NA,NA,NA,NA,NA,55.97171,NA,NA,NA,74.53801,27.84471,NA,NA,NA,NA,NA,77.34143,44.72695,NA,NA,NA,85.2337,27.05626,88.37019,6.26352,NA,66.03619,NA,NA,NA,NA,NA,NA,NA,79.4271,75.26008,84.12522,NA,NA,75.19131,NA,NA,31.35027,NA,NA,NA,NA,NA,NA,NA,NA,NA,NA,NA,49.41802,NA,NA,NA,NA,66.34462,74.89191,NA,NA,NA,23.29962,NA,47.00259,NA,79.90865,24.05503,27.14442,35.01154,43.39208,64.22727,NA,NA,NA,NA,NA,63.17813,NA,25.0721,62.99123,NA,NA,NA,77.31821,76.95708,NA,NA,NA,21.89957,NA,5.10442,8.90192,NA,NA,NA,56.73412,NA,27.7025,NA,NA,NA,NA,27.75097,86.70908,NA,NA,42.98771,NA,25.67995,NA,57.09445,NA,NA
2010,32.11752,NA,NA,NA,NA,NA,NA,NA,72.79897,76.5561,88.6454,NA,61.72838,NA,NA,NA,69.61495,42.11301,81.87773,31.11343,NA,36.82702,77.01597,NA,35.92268,NA,NA,NA,NA,NA,NA,82.45457,52.86015,22.316,NA,18.17227,NA,NA,39.13526,NA,NA,35.50172,NA,NA,65.45372,87.99366,81.12799,NA,NA,74.93998,30.82697,NA,34.91765,NA,44.25182,86.4621,NA,70.44806,NA,61.89694,NA,86.42583,NA,20.56397,NA,NA,NA,NA,53.66228,NA,NA,57.05745,NA,NA,NA,75.69111,NA,NA,66.58547,42.48559,NA,NA,77.59003,45.50069,NA,41.35471,80.33936,NA,22.02862,NA,NA,NA,72.7248,NA,NA,NA,NA,38.29022,NA,NA,80.54962,75.52083,85.56651,NA,NA,74.40273,NA,NA,29.20441,NA,NA,25.86958,NA,NA,67.57306,NA,NA,NA,NA,NA,50.90241,NA,NA,NA,NA,66.77232,75.41419,NA,NA,41.20039,23.87872,43.0041,52.93904,55.99817,80.81998,25.59531,NA,34.95087,36.73773,64.03176,84.53024,5.16919,NA,NA,NA,65.52106,NA,26.69205,63.66581,NA,NA,NA,77.67381,77.61638,NA,NA,NA,NA,NA,NA,NA,27.33811,NA,NA,NA,NA,29.98639,NA,NA,10.66673,NA,27.1736,87.14941,NA,NA,NA,NA,NA,NA,58.01028,NA,NA
2011,NA,NA,NA,43.49034,NA,NA,90.23761,NA,74.06167,76.4277,88.65878,NA,62.75993,NA,NA,24.18282,70.65317,NA,NA,32.74236,NA,NA,NA,NA,39.36098,NA,NA,NA,NA,NA,82.74899,82.35539,50.80614,NA,NA,NA,NA,NA,40.26528,NA,NA,36.54348,NA,NA,67.7841,88.39896,81.72286,NA,NA,75.47676,31.72078,NA,35.90112,NA,45.26531,86.55455,8.83605,71.20155,NA,62.77157,NA,86.08344,NA,NA,NA,NA,NA,NA,NA,NA,NA,59.17827,19.22205,70.70597,NA,76.65756,28.93486,26.88855,66.3703,NA,NA,NA,78.53988,46.16074,NA,NA,NA,NA,NA,NA,NA,NA,NA,NA,NA,NA,NA,NA,NA,NA,81.66578,74.91494,85.07553,44.87496,NA,74.43658,NA,NA,NA,NA,7.964,27.3734,NA,72.55584,NA,4.72475,NA,NA,43.5839,NA,NA,NA,NA,NA,NA,66.4096,75.99202,16.79491,68.9641,NA,24.15409,NA,53.52188,NA,81.54959,27.87613,NA,36.35605,41.11023,64.86162,NA,NA,NA,NA,5.61641,66.56931,NA,25.31797,66.59641,NA,NA,84.84931,78.44617,78.32148,NA,NA,NA,NA,NA,NA,9.25691,NA,NA,NA,NA,NA,31.79867,NA,NA,NA,NA,27.01846,87.59089,NA,NA,NA,NA,NA,NA,59.02537,NA,NA
2012,NA,NA,NA,45.27915,NA,NA,NA,NA,76.48302,76.97511,88.71309,NA,63.2111,NA,NA,24.67884,72.48086,NA,NA,NA,NA,NA,NA,43.14083,40.61119,NA,NA,5.50574,NA,NA,NA,83.24146,NA,NA,NA,NA,NA,NA,41.40263,NA,NA,37.38465,NA,NA,68.92121,88.52554,82.04736,NA,NA,76.00238,32.61209,NA,37.87626,NA,45.60115,87.25456,NA,71.95373,NA,63.74972,NA,87.73566,90.9255,NA,NA,NA,NA,NA,NA,NA,17.64713,NA,18.59373,NA,NA,77.63198,NA,NA,NA,44.23712,NA,NA,80.29424,47.284,NA,NA,NA,NA,NA,NA,NA,NA,NA,32.69662,NA,NA,NA,NA,NA,NA,81.55287,76.24888,86.34324,NA,NA,74.54645,NA,NA,33.79751,NA,NA,32.4357,NA,NA,NA,NA,NA,NA,NA,NA,NA,NA,3.27811,NA,NA,67.09863,NA,NA,68.79362,NA,25.64951,NA,55.99181,NA,82.09385,30.02282,32.1416,38.02421,41.34369,65.83821,NA,8.4163,NA,NA,NA,67.70484,NA,26.57479,NA,NA,24.71605,85.37905,79.15782,79.00488,NA,NA,NA,NA,NA,NA,NA,NA,NA,NA,NA,NA,32.76626,NA,3.39596,9.8698,NA,27.54371,87.6791,NA,NA,NA,NA,NA,NA,61.51736,NA,6.08306
2013,NA,NA,NA,NA,NA,NA,NA,NA,72.03684,77.30636,88.71621,NA,64.27868,NA,NA,22.18535,73.93796,NA,NA,NA,NA,NA,NA,NA,41.85367,NA,NA,NA,NA,NA,NA,NA,54.06187,NA,NA,NA,19.84704,NA,43.28975,NA,NA,NA,NA,NA,69.89255,89.15957,82.30825,NA,NA,76.54907,33.48635,NA,38.64951,NA,NA,88.40964,NA,72.81208,NA,66.33516,NA,74.00227,NA,NA,NA,NA,NA,NA,NA,NA,19.35415,NA,NA,NA,NA,78.48742,NA,NA,NA,46.31185,29.72406,NA,80.65508,NA,NA,NA,NA,NA,NA,NA,NA,NA,NA,28.33671,NA,NA,NA,40.43012,NA,NA,82.31009,78.298,87.16148,NA,NA,74.10776,NA,NA,31.62993,NA,NA,34.4805,NA,NA,NA,NA,NA,NA,NA,NA,NA,NA,NA,NA,NA,69.52969,NA,NA,NA,NA,26.07061,NA,55.80984,58.45674,82.84863,31.86906,36.02876,38.50715,46.0669,66.45926,NA,NA,48.89058,NA,8.23461,68.78067,NA,26.98736,66.56281,NA,NA,85.96088,79.77965,73.91673,NA,NA,NA,NA,NA,NA,NA,29.29227,NA,NA,NA,NA,33.75851,NA,NA,NA,NA,27.5789,88.15031,91.54061,NA,NA,NA,NA,NA,NA,NA,NA
2014,NA,15.86353,NA,NA,NA,NA,NA,NA,71.23394,78.10984,88.71417,3.32538,64.01887,NA,2.80549,23.21816,73.81309,NA,NA,59.57389,NA,NA,NA,NA,42.56138,NA,NA,NA,NA,NA,NA,84.64385,NA,NA,11.25306,NA,NA,NA,44.59131,NA,NA,40.21864,NA,88.1058,69.49955,89.63336,82.99721,NA,NA,76.835,34.17121,NA,38.5257,NA,47.23725,89.67906,NA,73.56877,NA,68.53022,NA,74.70639,92.06716,NA,6.74415,NA,NA,NA,56.27493,NA,26.59973,61.22038,23.01444,NA,NA,74.12236,31.09284,NA,NA,46.95283,NA,NA,81.23329,48.64048,NA,NA,NA,NA,NA,NA,10.07106,NA,NA,NA,NA,NA,NA,NA,NA,NA,83.32887,79.56585,87.78638,NA,NA,74.72079,NA,NA,31.79973,NA,NA,35.77473,NA,NA,NA,NA,NA,NA,NA,NA,NA,NA,NA,NA,NA,69.4222,77.00606,NA,69.49483,NA,27.71789,NA,55.49694,NA,83.48578,34.20759,36.5642,37.95655,43.96334,62.9813,NA,8.45808,NA,NA,NA,69.54629,NA,NA,68.57246,NA,NA,85.31762,80.09109,74.47037,NA,NA,NA,NA,NA,NA,NA,NA,NA,NA,NA,NA,35.23742,NA,NA,NA,NA,28.45315,88.31358,91.94763,NA,NA,NA,NA,NA,64.21572,NA,15.19199
2015,NA,NA,NA,NA,NA,NA,91.83743,NA,75.55976,79.0129,88.66508,NA,66.21058,NA,NA,28.56218,74.91267,NA,NA,60.82957,NA,NA,NA,42.63146,43.77635,NA,NA,NA,NA,NA,NA,85.19001,56.96367,NA,NA,NA,NA,NA,45.40466,NA,20.03713,37.99146,NA,90.19632,69.05065,89.77071,83.08337,NA,NA,77.74914,34.86874,NA,42.25613,NA,47.86305,89.69151,NA,74.01707,NA,69.43743,NA,NA,NA,NA,NA,22.74183,NA,NA,57.92509,NA,NA,62.15829,22.91738,NA,NA,75.09918,32.26202,NA,NA,NA,NA,NA,81.44175,49.15258,NA,NA,NA,NA,NA,NA,9.29681,NA,76.4499,29.90127,NA,NA,NA,NA,NA,NA,84.3143,NA,88.59691,NA,NA,74.7263,NA,NA,33.34622,NA,6.03522,36.9078,NA,NA,NA,9.44805,NA,NA,NA,NA,NA,NA,NA,NA,NA,69.57044,77.48572,NA,69.53803,50.36949,NA,NA,56.0154,NA,NA,35.42893,38.79034,39.02187,NA,64.66319,NA,NA,NA,NA,NA,70.91709,NA,NA,70.89628,NA,NA,86.68583,81.50327,75.03375,NA,NA,NA,NA,NA,NA,NA,NA,NA,NA,NA,NA,37.07356,NA,NA,NA,NA,28.74776,88.41197,92.07958,NA,55.79327,NA,NA,NA,64.62436,NA,NA
2016,NA,NA,NA,NA,53.07051,NA,NA,NA,76.41804,79.21024,88.66445,NA,67.08264,NA,NA,28.96917,75.59954,54.0476,NA,62.37726,NA,NA,87.45344,NA,45.10832,NA,NA,NA,NA,NA,84.46919,84.53691,NA,NA,NA,NA,27.26408,NA,47.26855,NA,NA,38.29614,NA,NA,71.16316,90.22886,83.00642,NA,NA,78.18444,NA,NA,42.29952,NA,48.64906,86.89375,NA,NA,NA,69.66563,NA,NA,93.45079,NA,NA,NA,NA,NA,54.63796,NA,NA,NA,24.68818,NA,NA,76.05978,33.73175,NA,NA,48.38577,NA,NA,NA,NA,NA,NA,NA,NA,NA,NA,NA,NA,NA,NA,NA,NA,NA,NA,61.67864,NA,86.00731,NA,89.41101,51.97764,NA,NA,NA,NA,33.29469,NA,5.64106,38.07237,NA,NA,NA,NA,NA,NA,NA,NA,58.33237,NA,NA,NA,NA,69.9872,77.8364,NA,70.02867,NA,27.61002,NA,NA,NA,84.86032,36.77096,36.63817,39.63561,41.01255,66.42304,NA,NA,NA,NA,NA,70.69323,NA,30.33802,71.40995,NA,NA,87.32021,81.86884,75.55888,NA,NA,NA,NA,NA,NA,NA,32.67467,NA,NA,NA,NA,37.6567,NA,NA,NA,NA,28.7478,89.09236,92.56462,NA,61.9246,NA,NA,NA,NA,NA,NA
2017,NA,NA,NA,NA,67.12303,NA,90.09665,NA,77.26136,NA,88.50123,NA,NA,NA,NA,29.79417,NA,56.53816,NA,NA,NA,NA,NA,NA,46.17425,NA,NA,NA,NA,NA,NA,NA,59.23115,NA,NA,NA,NA,NA,NA,NA,NA,NA,NA,NA,NA,NA,NA,NA,NA,NA,NA,NA,43.53438,67.15647,NA,86.96192,NA,75.52356,44.55636,70.07549,NA,77.11173,92.4963,NA,NA,NA,NA,NA,NA,NA,NA,63.26752,NA,NA,NA,NA,NA,NA,70.77677,NA,NA,NA,NA,NA,NA,NA,NA,NA,NA,NA,NA,NA,NA,30.60307,NA,NA,NA,NA,62.50391,NA,87.30721,NA,NA,NA,NA,NA,NA,NA,34.10905,NA,NA,NA,NA,NA,NA,8.68706,NA,NA,NA,NA,NA,NA,NA,NA,NA,NA,78.22414,NA,NA,NA,27.25329,NA,NA,NA,NA,37.62352,NA,NA,41.3008,67.44502,NA,NA,53.87999,NA,10.86295,71.39946,NA,29.61693,71.63609,NA,NA,87.07162,82.56063,76.14595,NA,NA,NA,NA,NA,NA,NA,NA,80.63893,NA,NA,NA,39.0267,NA,NA,NA,NA,30.01844,NA,NA,41.81481,NA,NA,NA,NA,NA,NA,12.26489
2018,NA,NA,NA,NA,69.14016,NA,NA,NA,78.32576,NA,NA,NA,NA,NA,NA,30.54477,NA,64.92823,NA,NA,NA,NA,NA,NA,47.43287,NA,NA,NA,NA,NA,NA,85.68177,NA,NA,NA,NA,NA,NA,49.77448,NA,NA,NA,NA,NA,NA,NA,83.4613,NA,NA,79.27773,NA,NA,NA,NA,50.41699,87.6303,NA,NA,NA,NA,NA,NA,NA,NA,NA,NA,NA,NA,NA,NA,NA,NA,23.06662,NA,NA,NA,34.60136,NA,NA,NA,NA,NA,NA,NA,NA,NA,NA,97.39979,NA,NA,NA,NA,NA,31.19643,NA,NA,NA,NA,63.03447,NA,NA,NA,90.30303,NA,NA,75.23852,NA,NA,35.65463,NA,7.11877,45.21572,NA,NA,NA,NA,NA,NA,42.74017,NA,NA,NA,NA,NA,NA,71.10496,NA,NA,NA,NA,NA,NA,58.03918,NA,NA,37.08358,39.38157,42.60169,NA,NA,NA,9.85904,NA,NA,NA,73.52379,NA,NA,NA,NA,NA,NA,NA,NA,NA,NA,NA,NA,NA,NA,NA,NA,NA,NA,NA,NA,NA,NA,NA,NA,NA,30.44119,89.80536,96.14925,NA,NA,NA,NA,NA,NA,NA,NA
2019,NA,NA,NA,NA,NA,NA,NA,NA,NA,NA,NA,NA,NA,NA,NA,NA,NA,NA,NA,NA,NA,NA,NA,NA,NA,NA,NA,NA,NA,NA,NA,NA,NA,NA,NA,NA,NA,NA,NA,NA,NA,NA,NA,NA,NA,NA,NA,NA,NA,NA,NA,NA,NA,NA,NA,NA,NA,NA,NA,NA,NA,NA,NA,NA,NA,NA,NA,NA,NA,NA,NA,NA,NA,NA,NA,NA,NA,NA,NA,NA,NA,NA,NA,NA,NA,NA,NA,NA,NA,NA,NA,NA,NA,NA,NA,NA,NA,NA,NA,NA,NA,NA,NA,NA,NA,NA,NA,NA,NA,NA,NA,NA,NA,NA,NA,NA,NA,NA,NA,NA,NA,NA,NA,NA,NA,NA,NA,NA,NA,NA,NA,NA,NA,NA,NA,NA,NA,NA,NA,NA,NA,NA,NA,NA,NA,NA,NA,NA,NA,NA,NA,NA,NA,NA,NA,NA,NA,NA,NA,NA,NA,NA,NA,NA,NA,NA,NA,NA,NA,NA,NA,NA,NA,NA,NA,NA,NA,NA,NA,NA,NA,NA
