﻿"REF_DATE","GEO","DGUID","Overtime","North American Industry Classification System (NAICS)","UOM","UOM_ID","SCALAR_FACTOR","SCALAR_ID","VECTOR","COORDINATE","VALUE","STATUS","SYMBOL","TERMINATED","DECIMALS"
"2001","Canada","2016A000011124","Excluding overtime","Manufacturing [31-33]","Current dollars","75","units","0","v1809131","1.2.34","17.77","","","","2"
"2002","Canada","2016A000011124","Excluding overtime","Manufacturing [31-33]","Current dollars","75","units","0","v1809131","1.2.34","17.92","","","","2"
"2003","Canada","2016A000011124","Excluding overtime","Manufacturing [31-33]","Current dollars","75","units","0","v1809131","1.2.34","18.58","","","","2"
"2004","Canada","2016A000011124","Excluding overtime","Manufacturing [31-33]","Current dollars","75","units","0","v1809131","1.2.34","19.19","","","","2"
"2005","Canada","2016A000011124","Excluding overtime","Manufacturing [31-33]","Current dollars","75","units","0","v1809131","1.2.34","19.80","","","","2"
"2006","Canada","2016A000011124","Excluding overtime","Manufacturing [31-33]","Current dollars","75","units","0","v1809131","1.2.34","19.75","","","","2"
"2007","Canada","2016A000011124","Excluding overtime","Manufacturing [31-33]","Current dollars","75","units","0","v1809131","1.2.34","20.77","","","","2"
"2008","Canada","2016A000011124","Excluding overtime","Manufacturing [31-33]","Current dollars","75","units","0","v1809131","1.2.34","21.29","","","","2"
"2009","Canada","2016A000011124","Excluding overtime","Manufacturing [31-33]","Current dollars","75","units","0","v1809131","1.2.34","20.36","A","","","2"
"2010","Canada","2016A000011124","Excluding overtime","Manufacturing [31-33]","Current dollars","75","units","0","v1809131","1.2.34","21.27","A","","","2"
"2011","Canada","2016A000011124","Excluding overtime","Manufacturing [31-33]","Current dollars","75","units","0","v1809131","1.2.34","21.90","A","","","2"
"2012","Canada","2016A000011124","Excluding overtime","Manufacturing [31-33]","Current dollars","75","units","0","v1809131","1.2.34","22.47","A","","","2"
"2013","Canada","2016A000011124","Excluding overtime","Manufacturing [31-33]","Current dollars","75","units","0","v1809131","1.2.34","22.55","A","","","2"
"2014","Canada","2016A000011124","Excluding overtime","Manufacturing [31-33]","Current dollars","75","units","0","v1809131","1.2.34","22.80","A","","","2"
"2015","Canada","2016A000011124","Excluding overtime","Manufacturing [31-33]","Current dollars","75","units","0","v1809131","1.2.34","23.77","A","","","2"
"2016","Canada","2016A000011124","Excluding overtime","Manufacturing [31-33]","Current dollars","75","units","0","v1809131","1.2.34","24.22","A","","","2"
"2017","Canada","2016A000011124","Excluding overtime","Manufacturing [31-33]","Current dollars","75","units","0","v1809131","1.2.34","24.88","A","","","2"
"2018","Canada","2016A000011124","Excluding overtime","Manufacturing [31-33]","Current dollars","75","units","0","v1809131","1.2.34","24.63","A","","","2"
"2019","Canada","2016A000011124","Excluding overtime","Manufacturing [31-33]","Current dollars","75","units","0","v1809131","1.2.34","25.44","A","","","2"


