﻿"REF_DATE","GEO","DGUID","Index","Estimates","UOM","UOM_ID","SCALAR_FACTOR","SCALAR_ID","VECTOR","COORDINATE","VALUE","STATUS","SYMBOL","TERMINATED","DECIMALS"
"1961-01","Canada","2016A000011124","Implicit price indexes","Gross domestic product at market prices","2012=100","383","units","0","v62307282","1.1.25","11.8","","","","1"
"1961-04","Canada","2016A000011124","Implicit price indexes","Gross domestic product at market prices","2012=100","383","units","0","v62307282","1.1.25","11.8","","","","1"
"1961-07","Canada","2016A000011124","Implicit price indexes","Gross domestic product at market prices","2012=100","383","units","0","v62307282","1.1.25","11.8","","","","1"
"1961-10","Canada","2016A000011124","Implicit price indexes","Gross domestic product at market prices","2012=100","383","units","0","v62307282","1.1.25","11.9","","","","1"
"1962-01","Canada","2016A000011124","Implicit price indexes","Gross domestic product at market prices","2012=100","383","units","0","v62307282","1.1.25","11.9","","","","1"
"1962-04","Canada","2016A000011124","Implicit price indexes","Gross domestic product at market prices","2012=100","383","units","0","v62307282","1.1.25","12.0","","","","1"
"1962-07","Canada","2016A000011124","Implicit price indexes","Gross domestic product at market prices","2012=100","383","units","0","v62307282","1.1.25","12.0","","","","1"
"1962-10","Canada","2016A000011124","Implicit price indexes","Gross domestic product at market prices","2012=100","383","units","0","v62307282","1.1.25","12.1","","","","1"
"1963-01","Canada","2016A000011124","Implicit price indexes","Gross domestic product at market prices","2012=100","383","units","0","v62307282","1.1.25","12.1","","","","1"
"1963-04","Canada","2016A000011124","Implicit price indexes","Gross domestic product at market prices","2012=100","383","units","0","v62307282","1.1.25","12.2","","","","1"
"1963-07","Canada","2016A000011124","Implicit price indexes","Gross domestic product at market prices","2012=100","383","units","0","v62307282","1.1.25","12.3","","","","1"
"1963-10","Canada","2016A000011124","Implicit price indexes","Gross domestic product at market prices","2012=100","383","units","0","v62307282","1.1.25","12.4","","","","1"
"1964-01","Canada","2016A000011124","Implicit price indexes","Gross domestic product at market prices","2012=100","383","units","0","v62307282","1.1.25","12.4","","","","1"
"1964-04","Canada","2016A000011124","Implicit price indexes","Gross domestic product at market prices","2012=100","383","units","0","v62307282","1.1.25","12.5","","","","1"
"1964-07","Canada","2016A000011124","Implicit price indexes","Gross domestic product at market prices","2012=100","383","units","0","v62307282","1.1.25","12.7","","","","1"
"1964-10","Canada","2016A000011124","Implicit price indexes","Gross domestic product at market prices","2012=100","383","units","0","v62307282","1.1.25","12.8","","","","1"
"1965-01","Canada","2016A000011124","Implicit price indexes","Gross domestic product at market prices","2012=100","383","units","0","v62307282","1.1.25","12.8","","","","1"
"1965-04","Canada","2016A000011124","Implicit price indexes","Gross domestic product at market prices","2012=100","383","units","0","v62307282","1.1.25","13.0","","","","1"
"1965-07","Canada","2016A000011124","Implicit price indexes","Gross domestic product at market prices","2012=100","383","units","0","v62307282","1.1.25","13.1","","","","1"
"1965-10","Canada","2016A000011124","Implicit price indexes","Gross domestic product at market prices","2012=100","383","units","0","v62307282","1.1.25","13.3","","","","1"
"1966-01","Canada","2016A000011124","Implicit price indexes","Gross domestic product at market prices","2012=100","383","units","0","v62307282","1.1.25","13.5","","","","1"
"1966-04","Canada","2016A000011124","Implicit price indexes","Gross domestic product at market prices","2012=100","383","units","0","v62307282","1.1.25","13.6","","","","1"
"1966-07","Canada","2016A000011124","Implicit price indexes","Gross domestic product at market prices","2012=100","383","units","0","v62307282","1.1.25","13.8","","","","1"
"1966-10","Canada","2016A000011124","Implicit price indexes","Gross domestic product at market prices","2012=100","383","units","0","v62307282","1.1.25","13.9","","","","1"
"1967-01","Canada","2016A000011124","Implicit price indexes","Gross domestic product at market prices","2012=100","383","units","0","v62307282","1.1.25","14.1","","","","1"
"1967-04","Canada","2016A000011124","Implicit price indexes","Gross domestic product at market prices","2012=100","383","units","0","v62307282","1.1.25","14.3","","","","1"
"1967-07","Canada","2016A000011124","Implicit price indexes","Gross domestic product at market prices","2012=100","383","units","0","v62307282","1.1.25","14.4","","","","1"
"1967-10","Canada","2016A000011124","Implicit price indexes","Gross domestic product at market prices","2012=100","383","units","0","v62307282","1.1.25","14.5","","","","1"
"1968-01","Canada","2016A000011124","Implicit price indexes","Gross domestic product at market prices","2012=100","383","units","0","v62307282","1.1.25","14.8","","","","1"
"1968-04","Canada","2016A000011124","Implicit price indexes","Gross domestic product at market prices","2012=100","383","units","0","v62307282","1.1.25","14.8","","","","1"
"1968-07","Canada","2016A000011124","Implicit price indexes","Gross domestic product at market prices","2012=100","383","units","0","v62307282","1.1.25","14.9","","","","1"
"1968-10","Canada","2016A000011124","Implicit price indexes","Gross domestic product at market prices","2012=100","383","units","0","v62307282","1.1.25","15.1","","","","1"
"1969-01","Canada","2016A000011124","Implicit price indexes","Gross domestic product at market prices","2012=100","383","units","0","v62307282","1.1.25","15.3","","","","1"
"1969-04","Canada","2016A000011124","Implicit price indexes","Gross domestic product at market prices","2012=100","383","units","0","v62307282","1.1.25","15.6","","","","1"
"1969-07","Canada","2016A000011124","Implicit price indexes","Gross domestic product at market prices","2012=100","383","units","0","v62307282","1.1.25","15.7","","","","1"
"1969-10","Canada","2016A000011124","Implicit price indexes","Gross domestic product at market prices","2012=100","383","units","0","v62307282","1.1.25","15.9","","","","1"
"1970-01","Canada","2016A000011124","Implicit price indexes","Gross domestic product at market prices","2012=100","383","units","0","v62307282","1.1.25","16.1","","","","1"
"1970-04","Canada","2016A000011124","Implicit price indexes","Gross domestic product at market prices","2012=100","383","units","0","v62307282","1.1.25","16.3","","","","1"
"1970-07","Canada","2016A000011124","Implicit price indexes","Gross domestic product at market prices","2012=100","383","units","0","v62307282","1.1.25","16.4","","","","1"
"1970-10","Canada","2016A000011124","Implicit price indexes","Gross domestic product at market prices","2012=100","383","units","0","v62307282","1.1.25","16.6","","","","1"
"1971-01","Canada","2016A000011124","Implicit price indexes","Gross domestic product at market prices","2012=100","383","units","0","v62307282","1.1.25","16.9","","","","1"
"1971-04","Canada","2016A000011124","Implicit price indexes","Gross domestic product at market prices","2012=100","383","units","0","v62307282","1.1.25","17.1","","","","1"
"1971-07","Canada","2016A000011124","Implicit price indexes","Gross domestic product at market prices","2012=100","383","units","0","v62307282","1.1.25","17.2","","","","1"
"1971-10","Canada","2016A000011124","Implicit price indexes","Gross domestic product at market prices","2012=100","383","units","0","v62307282","1.1.25","17.5","","","","1"
"1972-01","Canada","2016A000011124","Implicit price indexes","Gross domestic product at market prices","2012=100","383","units","0","v62307282","1.1.25","17.8","","","","1"
"1972-04","Canada","2016A000011124","Implicit price indexes","Gross domestic product at market prices","2012=100","383","units","0","v62307282","1.1.25","18.0","","","","1"
"1972-07","Canada","2016A000011124","Implicit price indexes","Gross domestic product at market prices","2012=100","383","units","0","v62307282","1.1.25","18.3","","","","1"
"1972-10","Canada","2016A000011124","Implicit price indexes","Gross domestic product at market prices","2012=100","383","units","0","v62307282","1.1.25","18.6","","","","1"
"1973-01","Canada","2016A000011124","Implicit price indexes","Gross domestic product at market prices","2012=100","383","units","0","v62307282","1.1.25","19.0","","","","1"
"1973-04","Canada","2016A000011124","Implicit price indexes","Gross domestic product at market prices","2012=100","383","units","0","v62307282","1.1.25","19.6","","","","1"
"1973-07","Canada","2016A000011124","Implicit price indexes","Gross domestic product at market prices","2012=100","383","units","0","v62307282","1.1.25","20.2","","","","1"
"1973-10","Canada","2016A000011124","Implicit price indexes","Gross domestic product at market prices","2012=100","383","units","0","v62307282","1.1.25","21.0","","","","1"
"1974-01","Canada","2016A000011124","Implicit price indexes","Gross domestic product at market prices","2012=100","383","units","0","v62307282","1.1.25","21.8","","","","1"
"1974-04","Canada","2016A000011124","Implicit price indexes","Gross domestic product at market prices","2012=100","383","units","0","v62307282","1.1.25","22.5","","","","1"
"1974-07","Canada","2016A000011124","Implicit price indexes","Gross domestic product at market prices","2012=100","383","units","0","v62307282","1.1.25","23.5","","","","1"
"1974-10","Canada","2016A000011124","Implicit price indexes","Gross domestic product at market prices","2012=100","383","units","0","v62307282","1.1.25","24.0","","","","1"
"1975-01","Canada","2016A000011124","Implicit price indexes","Gross domestic product at market prices","2012=100","383","units","0","v62307282","1.1.25","24.5","","","","1"
"1975-04","Canada","2016A000011124","Implicit price indexes","Gross domestic product at market prices","2012=100","383","units","0","v62307282","1.1.25","25.0","","","","1"
"1975-07","Canada","2016A000011124","Implicit price indexes","Gross domestic product at market prices","2012=100","383","units","0","v62307282","1.1.25","25.8","","","","1"
"1975-10","Canada","2016A000011124","Implicit price indexes","Gross domestic product at market prices","2012=100","383","units","0","v62307282","1.1.25","26.4","","","","1"
"1976-01","Canada","2016A000011124","Implicit price indexes","Gross domestic product at market prices","2012=100","383","units","0","v62307282","1.1.25","27.0","","","","1"
"1976-04","Canada","2016A000011124","Implicit price indexes","Gross domestic product at market prices","2012=100","383","units","0","v62307282","1.1.25","27.8","","","","1"
"1976-07","Canada","2016A000011124","Implicit price indexes","Gross domestic product at market prices","2012=100","383","units","0","v62307282","1.1.25","27.9","","","","1"
"1976-10","Canada","2016A000011124","Implicit price indexes","Gross domestic product at market prices","2012=100","383","units","0","v62307282","1.1.25","28.5","","","","1"
"1977-01","Canada","2016A000011124","Implicit price indexes","Gross domestic product at market prices","2012=100","383","units","0","v62307282","1.1.25","29.0","","","","1"
"1977-04","Canada","2016A000011124","Implicit price indexes","Gross domestic product at market prices","2012=100","383","units","0","v62307282","1.1.25","29.5","","","","1"
"1977-07","Canada","2016A000011124","Implicit price indexes","Gross domestic product at market prices","2012=100","383","units","0","v62307282","1.1.25","30.0","","","","1"
"1977-10","Canada","2016A000011124","Implicit price indexes","Gross domestic product at market prices","2012=100","383","units","0","v62307282","1.1.25","30.3","","","","1"
"1978-01","Canada","2016A000011124","Implicit price indexes","Gross domestic product at market prices","2012=100","383","units","0","v62307282","1.1.25","30.7","","","","1"
"1978-04","Canada","2016A000011124","Implicit price indexes","Gross domestic product at market prices","2012=100","383","units","0","v62307282","1.1.25","31.4","","","","1"
"1978-07","Canada","2016A000011124","Implicit price indexes","Gross domestic product at market prices","2012=100","383","units","0","v62307282","1.1.25","32.0","","","","1"
"1978-10","Canada","2016A000011124","Implicit price indexes","Gross domestic product at market prices","2012=100","383","units","0","v62307282","1.1.25","32.7","","","","1"
"1979-01","Canada","2016A000011124","Implicit price indexes","Gross domestic product at market prices","2012=100","383","units","0","v62307282","1.1.25","33.4","","","","1"
"1979-04","Canada","2016A000011124","Implicit price indexes","Gross domestic product at market prices","2012=100","383","units","0","v62307282","1.1.25","34.5","","","","1"
"1979-07","Canada","2016A000011124","Implicit price indexes","Gross domestic product at market prices","2012=100","383","units","0","v62307282","1.1.25","35.4","","","","1"
"1979-10","Canada","2016A000011124","Implicit price indexes","Gross domestic product at market prices","2012=100","383","units","0","v62307282","1.1.25","36.2","","","","1"
"1980-01","Canada","2016A000011124","Implicit price indexes","Gross domestic product at market prices","2012=100","383","units","0","v62307282","1.1.25","36.9","","","","1"
"1980-04","Canada","2016A000011124","Implicit price indexes","Gross domestic product at market prices","2012=100","383","units","0","v62307282","1.1.25","37.8","","","","1"
"1980-07","Canada","2016A000011124","Implicit price indexes","Gross domestic product at market prices","2012=100","383","units","0","v62307282","1.1.25","38.7","","","","1"
"1980-10","Canada","2016A000011124","Implicit price indexes","Gross domestic product at market prices","2012=100","383","units","0","v62307282","1.1.25","39.9","","","","1"
"1981-01","Canada","2016A000011124","Implicit price indexes","Gross domestic product at market prices","2012=100","383","units","0","v62307282","1.1.25","41.0","","","","1"
"1981-04","Canada","2016A000011124","Implicit price indexes","Gross domestic product at market prices","2012=100","383","units","0","v62307282","1.1.25","41.9","","","","1"
"1981-07","Canada","2016A000011124","Implicit price indexes","Gross domestic product at market prices","2012=100","383","units","0","v62307282","1.1.25","42.8","","","","1"
"1981-10","Canada","2016A000011124","Implicit price indexes","Gross domestic product at market prices","2012=100","383","units","0","v62307282","1.1.25","43.4","","","","1"
"1982-01","Canada","2016A000011124","Implicit price indexes","Gross domestic product at market prices","2012=100","383","units","0","v62307282","1.1.25","44.7","","","","1"
"1982-04","Canada","2016A000011124","Implicit price indexes","Gross domestic product at market prices","2012=100","383","units","0","v62307282","1.1.25","45.6","","","","1"
"1982-07","Canada","2016A000011124","Implicit price indexes","Gross domestic product at market prices","2012=100","383","units","0","v62307282","1.1.25","46.4","","","","1"
"1982-10","Canada","2016A000011124","Implicit price indexes","Gross domestic product at market prices","2012=100","383","units","0","v62307282","1.1.25","47.3","","","","1"
"1983-01","Canada","2016A000011124","Implicit price indexes","Gross domestic product at market prices","2012=100","383","units","0","v62307282","1.1.25","47.7","","","","1"
"1983-04","Canada","2016A000011124","Implicit price indexes","Gross domestic product at market prices","2012=100","383","units","0","v62307282","1.1.25","48.2","","","","1"
"1983-07","Canada","2016A000011124","Implicit price indexes","Gross domestic product at market prices","2012=100","383","units","0","v62307282","1.1.25","49.2","","","","1"
"1983-10","Canada","2016A000011124","Implicit price indexes","Gross domestic product at market prices","2012=100","383","units","0","v62307282","1.1.25","49.5","","","","1"
"1984-01","Canada","2016A000011124","Implicit price indexes","Gross domestic product at market prices","2012=100","383","units","0","v62307282","1.1.25","49.9","","","","1"
"1984-04","Canada","2016A000011124","Implicit price indexes","Gross domestic product at market prices","2012=100","383","units","0","v62307282","1.1.25","50.2","","","","1"
"1984-07","Canada","2016A000011124","Implicit price indexes","Gross domestic product at market prices","2012=100","383","units","0","v62307282","1.1.25","50.6","","","","1"
"1984-10","Canada","2016A000011124","Implicit price indexes","Gross domestic product at market prices","2012=100","383","units","0","v62307282","1.1.25","50.9","","","","1"
"1985-01","Canada","2016A000011124","Implicit price indexes","Gross domestic product at market prices","2012=100","383","units","0","v62307282","1.1.25","51.3","","","","1"
"1985-04","Canada","2016A000011124","Implicit price indexes","Gross domestic product at market prices","2012=100","383","units","0","v62307282","1.1.25","52.1","","","","1"
"1985-07","Canada","2016A000011124","Implicit price indexes","Gross domestic product at market prices","2012=100","383","units","0","v62307282","1.1.25","52.3","","","","1"
"1985-10","Canada","2016A000011124","Implicit price indexes","Gross domestic product at market prices","2012=100","383","units","0","v62307282","1.1.25","52.6","","","","1"
"1986-01","Canada","2016A000011124","Implicit price indexes","Gross domestic product at market prices","2012=100","383","units","0","v62307282","1.1.25","53.0","","","","1"
"1986-04","Canada","2016A000011124","Implicit price indexes","Gross domestic product at market prices","2012=100","383","units","0","v62307282","1.1.25","53.3","","","","1"
"1986-07","Canada","2016A000011124","Implicit price indexes","Gross domestic product at market prices","2012=100","383","units","0","v62307282","1.1.25","53.9","","","","1"
"1986-10","Canada","2016A000011124","Implicit price indexes","Gross domestic product at market prices","2012=100","383","units","0","v62307282","1.1.25","54.6","","","","1"
"1987-01","Canada","2016A000011124","Implicit price indexes","Gross domestic product at market prices","2012=100","383","units","0","v62307282","1.1.25","55.3","","","","1"
"1987-04","Canada","2016A000011124","Implicit price indexes","Gross domestic product at market prices","2012=100","383","units","0","v62307282","1.1.25","56.0","","","","1"
"1987-07","Canada","2016A000011124","Implicit price indexes","Gross domestic product at market prices","2012=100","383","units","0","v62307282","1.1.25","56.6","","","","1"
"1987-10","Canada","2016A000011124","Implicit price indexes","Gross domestic product at market prices","2012=100","383","units","0","v62307282","1.1.25","57.2","","","","1"
"1988-01","Canada","2016A000011124","Implicit price indexes","Gross domestic product at market prices","2012=100","383","units","0","v62307282","1.1.25","57.8","","","","1"
"1988-04","Canada","2016A000011124","Implicit price indexes","Gross domestic product at market prices","2012=100","383","units","0","v62307282","1.1.25","58.3","","","","1"
"1988-07","Canada","2016A000011124","Implicit price indexes","Gross domestic product at market prices","2012=100","383","units","0","v62307282","1.1.25","59.2","","","","1"
"1988-10","Canada","2016A000011124","Implicit price indexes","Gross domestic product at market prices","2012=100","383","units","0","v62307282","1.1.25","60.0","","","","1"
"1989-01","Canada","2016A000011124","Implicit price indexes","Gross domestic product at market prices","2012=100","383","units","0","v62307282","1.1.25","60.4","","","","1"
"1989-04","Canada","2016A000011124","Implicit price indexes","Gross domestic product at market prices","2012=100","383","units","0","v62307282","1.1.25","61.4","","","","1"
"1989-07","Canada","2016A000011124","Implicit price indexes","Gross domestic product at market prices","2012=100","383","units","0","v62307282","1.1.25","62.1","","","","1"
"1989-10","Canada","2016A000011124","Implicit price indexes","Gross domestic product at market prices","2012=100","383","units","0","v62307282","1.1.25","62.4","","","","1"
"1990-01","Canada","2016A000011124","Implicit price indexes","Gross domestic product at market prices","2012=100","383","units","0","v62307282","1.1.25","62.8","","","","1"
"1990-04","Canada","2016A000011124","Implicit price indexes","Gross domestic product at market prices","2012=100","383","units","0","v62307282","1.1.25","63.4","","","","1"
"1990-07","Canada","2016A000011124","Implicit price indexes","Gross domestic product at market prices","2012=100","383","units","0","v62307282","1.1.25","64.0","","","","1"
"1990-10","Canada","2016A000011124","Implicit price indexes","Gross domestic product at market prices","2012=100","383","units","0","v62307282","1.1.25","64.5","","","","1"
"1991-01","Canada","2016A000011124","Implicit price indexes","Gross domestic product at market prices","2012=100","383","units","0","v62307282","1.1.25","65.2","","","","1"
"1991-04","Canada","2016A000011124","Implicit price indexes","Gross domestic product at market prices","2012=100","383","units","0","v62307282","1.1.25","65.6","","","","1"
"1991-07","Canada","2016A000011124","Implicit price indexes","Gross domestic product at market prices","2012=100","383","units","0","v62307282","1.1.25","65.8","","","","1"
"1991-10","Canada","2016A000011124","Implicit price indexes","Gross domestic product at market prices","2012=100","383","units","0","v62307282","1.1.25","65.9","","","","1"
"1992-01","Canada","2016A000011124","Implicit price indexes","Gross domestic product at market prices","2012=100","383","units","0","v62307282","1.1.25","66.1","","","","1"
"1992-04","Canada","2016A000011124","Implicit price indexes","Gross domestic product at market prices","2012=100","383","units","0","v62307282","1.1.25","66.5","","","","1"
"1992-07","Canada","2016A000011124","Implicit price indexes","Gross domestic product at market prices","2012=100","383","units","0","v62307282","1.1.25","66.8","","","","1"
"1992-10","Canada","2016A000011124","Implicit price indexes","Gross domestic product at market prices","2012=100","383","units","0","v62307282","1.1.25","66.9","","","","1"
"1993-01","Canada","2016A000011124","Implicit price indexes","Gross domestic product at market prices","2012=100","383","units","0","v62307282","1.1.25","67.1","","","","1"
"1993-04","Canada","2016A000011124","Implicit price indexes","Gross domestic product at market prices","2012=100","383","units","0","v62307282","1.1.25","67.5","","","","1"
"1993-07","Canada","2016A000011124","Implicit price indexes","Gross domestic product at market prices","2012=100","383","units","0","v62307282","1.1.25","67.3","","","","1"
"1993-10","Canada","2016A000011124","Implicit price indexes","Gross domestic product at market prices","2012=100","383","units","0","v62307282","1.1.25","67.8","","","","1"
"1994-01","Canada","2016A000011124","Implicit price indexes","Gross domestic product at market prices","2012=100","383","units","0","v62307282","1.1.25","68.0","","","","1"
"1994-04","Canada","2016A000011124","Implicit price indexes","Gross domestic product at market prices","2012=100","383","units","0","v62307282","1.1.25","68.0","","","","1"
"1994-07","Canada","2016A000011124","Implicit price indexes","Gross domestic product at market prices","2012=100","383","units","0","v62307282","1.1.25","68.6","","","","1"
"1994-10","Canada","2016A000011124","Implicit price indexes","Gross domestic product at market prices","2012=100","383","units","0","v62307282","1.1.25","69.0","","","","1"
"1995-01","Canada","2016A000011124","Implicit price indexes","Gross domestic product at market prices","2012=100","383","units","0","v62307282","1.1.25","69.5","","","","1"
"1995-04","Canada","2016A000011124","Implicit price indexes","Gross domestic product at market prices","2012=100","383","units","0","v62307282","1.1.25","69.8","","","","1"
"1995-07","Canada","2016A000011124","Implicit price indexes","Gross domestic product at market prices","2012=100","383","units","0","v62307282","1.1.25","70.1","","","","1"
"1995-10","Canada","2016A000011124","Implicit price indexes","Gross domestic product at market prices","2012=100","383","units","0","v62307282","1.1.25","70.5","","","","1"
"1996-01","Canada","2016A000011124","Implicit price indexes","Gross domestic product at market prices","2012=100","383","units","0","v62307282","1.1.25","70.7","","","","1"
"1996-04","Canada","2016A000011124","Implicit price indexes","Gross domestic product at market prices","2012=100","383","units","0","v62307282","1.1.25","70.9","","","","1"
"1996-07","Canada","2016A000011124","Implicit price indexes","Gross domestic product at market prices","2012=100","383","units","0","v62307282","1.1.25","71.3","","","","1"
"1996-10","Canada","2016A000011124","Implicit price indexes","Gross domestic product at market prices","2012=100","383","units","0","v62307282","1.1.25","71.8","","","","1"
"1997-01","Canada","2016A000011124","Implicit price indexes","Gross domestic product at market prices","2012=100","383","units","0","v62307282","1.1.25","72.0","","","","1"
"1997-04","Canada","2016A000011124","Implicit price indexes","Gross domestic product at market prices","2012=100","383","units","0","v62307282","1.1.25","71.8","","","","1"
"1997-07","Canada","2016A000011124","Implicit price indexes","Gross domestic product at market prices","2012=100","383","units","0","v62307282","1.1.25","72.0","","","","1"
"1997-10","Canada","2016A000011124","Implicit price indexes","Gross domestic product at market prices","2012=100","383","units","0","v62307282","1.1.25","72.2","","","","1"
"1998-01","Canada","2016A000011124","Implicit price indexes","Gross domestic product at market prices","2012=100","383","units","0","v62307282","1.1.25","72.0","","","","1"
"1998-04","Canada","2016A000011124","Implicit price indexes","Gross domestic product at market prices","2012=100","383","units","0","v62307282","1.1.25","72.0","","","","1"
"1998-07","Canada","2016A000011124","Implicit price indexes","Gross domestic product at market prices","2012=100","383","units","0","v62307282","1.1.25","71.7","","","","1"
"1998-10","Canada","2016A000011124","Implicit price indexes","Gross domestic product at market prices","2012=100","383","units","0","v62307282","1.1.25","71.8","","","","1"
"1999-01","Canada","2016A000011124","Implicit price indexes","Gross domestic product at market prices","2012=100","383","units","0","v62307282","1.1.25","72.1","","","","1"
"1999-04","Canada","2016A000011124","Implicit price indexes","Gross domestic product at market prices","2012=100","383","units","0","v62307282","1.1.25","72.9","","","","1"
"1999-07","Canada","2016A000011124","Implicit price indexes","Gross domestic product at market prices","2012=100","383","units","0","v62307282","1.1.25","73.7","","","","1"
"1999-10","Canada","2016A000011124","Implicit price indexes","Gross domestic product at market prices","2012=100","383","units","0","v62307282","1.1.25","74.1","","","","1"
"2000-01","Canada","2016A000011124","Implicit price indexes","Gross domestic product at market prices","2012=100","383","units","0","v62307282","1.1.25","75.0","","","","1"
"2000-04","Canada","2016A000011124","Implicit price indexes","Gross domestic product at market prices","2012=100","383","units","0","v62307282","1.1.25","76.2","","","","1"
"2000-07","Canada","2016A000011124","Implicit price indexes","Gross domestic product at market prices","2012=100","383","units","0","v62307282","1.1.25","76.9","","","","1"
"2000-10","Canada","2016A000011124","Implicit price indexes","Gross domestic product at market prices","2012=100","383","units","0","v62307282","1.1.25","77.5","","","","1"
"2001-01","Canada","2016A000011124","Implicit price indexes","Gross domestic product at market prices","2012=100","383","units","0","v62307282","1.1.25","78.3","","","","1"
"2001-04","Canada","2016A000011124","Implicit price indexes","Gross domestic product at market prices","2012=100","383","units","0","v62307282","1.1.25","78.3","","","","1"
"2001-07","Canada","2016A000011124","Implicit price indexes","Gross domestic product at market prices","2012=100","383","units","0","v62307282","1.1.25","77.4","","","","1"
"2001-10","Canada","2016A000011124","Implicit price indexes","Gross domestic product at market prices","2012=100","383","units","0","v62307282","1.1.25","76.8","","","","1"
"2002-01","Canada","2016A000011124","Implicit price indexes","Gross domestic product at market prices","2012=100","383","units","0","v62307282","1.1.25","77.1","","","","1"
"2002-04","Canada","2016A000011124","Implicit price indexes","Gross domestic product at market prices","2012=100","383","units","0","v62307282","1.1.25","78.5","","","","1"
"2002-07","Canada","2016A000011124","Implicit price indexes","Gross domestic product at market prices","2012=100","383","units","0","v62307282","1.1.25","79.0","","","","1"
"2002-10","Canada","2016A000011124","Implicit price indexes","Gross domestic product at market prices","2012=100","383","units","0","v62307282","1.1.25","80.0","","","","1"
"2003-01","Canada","2016A000011124","Implicit price indexes","Gross domestic product at market prices","2012=100","383","units","0","v62307282","1.1.25","81.1","","","","1"
"2003-04","Canada","2016A000011124","Implicit price indexes","Gross domestic product at market prices","2012=100","383","units","0","v62307282","1.1.25","80.4","","","","1"
"2003-07","Canada","2016A000011124","Implicit price indexes","Gross domestic product at market prices","2012=100","383","units","0","v62307282","1.1.25","81.4","","","","1"
"2003-10","Canada","2016A000011124","Implicit price indexes","Gross domestic product at market prices","2012=100","383","units","0","v62307282","1.1.25","81.8","","","","1"
"2004-01","Canada","2016A000011124","Implicit price indexes","Gross domestic product at market prices","2012=100","383","units","0","v62307282","1.1.25","82.7","","","","1"
"2004-04","Canada","2016A000011124","Implicit price indexes","Gross domestic product at market prices","2012=100","383","units","0","v62307282","1.1.25","83.8","","","","1"
"2004-07","Canada","2016A000011124","Implicit price indexes","Gross domestic product at market prices","2012=100","383","units","0","v62307282","1.1.25","84.3","","","","1"
"2004-10","Canada","2016A000011124","Implicit price indexes","Gross domestic product at market prices","2012=100","383","units","0","v62307282","1.1.25","84.6","","","","1"
"2005-01","Canada","2016A000011124","Implicit price indexes","Gross domestic product at market prices","2012=100","383","units","0","v62307282","1.1.25","85.1","","","","1"
"2005-04","Canada","2016A000011124","Implicit price indexes","Gross domestic product at market prices","2012=100","383","units","0","v62307282","1.1.25","85.7","","","","1"
"2005-07","Canada","2016A000011124","Implicit price indexes","Gross domestic product at market prices","2012=100","383","units","0","v62307282","1.1.25","86.9","","","","1"
"2005-10","Canada","2016A000011124","Implicit price indexes","Gross domestic product at market prices","2012=100","383","units","0","v62307282","1.1.25","88.0","","","","1"
"2006-01","Canada","2016A000011124","Implicit price indexes","Gross domestic product at market prices","2012=100","383","units","0","v62307282","1.1.25","87.7","","","","1"
"2006-04","Canada","2016A000011124","Implicit price indexes","Gross domestic product at market prices","2012=100","383","units","0","v62307282","1.1.25","88.6","","","","1"
"2006-07","Canada","2016A000011124","Implicit price indexes","Gross domestic product at market prices","2012=100","383","units","0","v62307282","1.1.25","89.1","","","","1"
"2006-10","Canada","2016A000011124","Implicit price indexes","Gross domestic product at market prices","2012=100","383","units","0","v62307282","1.1.25","89.4","","","","1"
"2007-01","Canada","2016A000011124","Implicit price indexes","Gross domestic product at market prices","2012=100","383","units","0","v62307282","1.1.25","90.7","","","","1"
"2007-04","Canada","2016A000011124","Implicit price indexes","Gross domestic product at market prices","2012=100","383","units","0","v62307282","1.1.25","91.5","","","","1"
"2007-07","Canada","2016A000011124","Implicit price indexes","Gross domestic product at market prices","2012=100","383","units","0","v62307282","1.1.25","91.5","","","","1"
"2007-10","Canada","2016A000011124","Implicit price indexes","Gross domestic product at market prices","2012=100","383","units","0","v62307282","1.1.25","92.7","","","","1"
"2008-01","Canada","2016A000011124","Implicit price indexes","Gross domestic product at market prices","2012=100","383","units","0","v62307282","1.1.25","94.5","","","","1"
"2008-04","Canada","2016A000011124","Implicit price indexes","Gross domestic product at market prices","2012=100","383","units","0","v62307282","1.1.25","96.5","","","","1"
"2008-07","Canada","2016A000011124","Implicit price indexes","Gross domestic product at market prices","2012=100","383","units","0","v62307282","1.1.25","96.6","","","","1"
"2008-10","Canada","2016A000011124","Implicit price indexes","Gross domestic product at market prices","2012=100","383","units","0","v62307282","1.1.25","93.4","","","","1"
"2009-01","Canada","2016A000011124","Implicit price indexes","Gross domestic product at market prices","2012=100","383","units","0","v62307282","1.1.25","91.9","","","","1"
"2009-04","Canada","2016A000011124","Implicit price indexes","Gross domestic product at market prices","2012=100","383","units","0","v62307282","1.1.25","92.4","","","","1"
"2009-07","Canada","2016A000011124","Implicit price indexes","Gross domestic product at market prices","2012=100","383","units","0","v62307282","1.1.25","93.2","","","","1"
"2009-10","Canada","2016A000011124","Implicit price indexes","Gross domestic product at market prices","2012=100","383","units","0","v62307282","1.1.25","94.7","","","","1"
"2010-01","Canada","2016A000011124","Implicit price indexes","Gross domestic product at market prices","2012=100","383","units","0","v62307282","1.1.25","95.4","","","","1"
"2010-04","Canada","2016A000011124","Implicit price indexes","Gross domestic product at market prices","2012=100","383","units","0","v62307282","1.1.25","95.4","","","","1"
"2010-07","Canada","2016A000011124","Implicit price indexes","Gross domestic product at market prices","2012=100","383","units","0","v62307282","1.1.25","95.5","","","","1"
"2010-10","Canada","2016A000011124","Implicit price indexes","Gross domestic product at market prices","2012=100","383","units","0","v62307282","1.1.25","96.5","","","","1"
"2011-01","Canada","2016A000011124","Implicit price indexes","Gross domestic product at market prices","2012=100","383","units","0","v62307282","1.1.25","97.8","","","","1"
"2011-04","Canada","2016A000011124","Implicit price indexes","Gross domestic product at market prices","2012=100","383","units","0","v62307282","1.1.25","98.8","","","","1"
"2011-07","Canada","2016A000011124","Implicit price indexes","Gross domestic product at market prices","2012=100","383","units","0","v62307282","1.1.25","98.9","","","","1"
"2011-10","Canada","2016A000011124","Implicit price indexes","Gross domestic product at market prices","2012=100","383","units","0","v62307282","1.1.25","99.6","","","","1"
"2012-01","Canada","2016A000011124","Implicit price indexes","Gross domestic product at market prices","2012=100","383","units","0","v62307282","1.1.25","99.7","","","","1"
"2012-04","Canada","2016A000011124","Implicit price indexes","Gross domestic product at market prices","2012=100","383","units","0","v62307282","1.1.25","99.6","","","","1"
"2012-07","Canada","2016A000011124","Implicit price indexes","Gross domestic product at market prices","2012=100","383","units","0","v62307282","1.1.25","100.1","","","","1"
"2012-10","Canada","2016A000011124","Implicit price indexes","Gross domestic product at market prices","2012=100","383","units","0","v62307282","1.1.25","100.6","","","","1"
"2013-01","Canada","2016A000011124","Implicit price indexes","Gross domestic product at market prices","2012=100","383","units","0","v62307282","1.1.25","101.5","","","","1"
"2013-04","Canada","2016A000011124","Implicit price indexes","Gross domestic product at market prices","2012=100","383","units","0","v62307282","1.1.25","101.4","","","","1"
"2013-07","Canada","2016A000011124","Implicit price indexes","Gross domestic product at market prices","2012=100","383","units","0","v62307282","1.1.25","102.0","","","","1"
"2013-10","Canada","2016A000011124","Implicit price indexes","Gross domestic product at market prices","2012=100","383","units","0","v62307282","1.1.25","102.0","","","","1"
"2014-01","Canada","2016A000011124","Implicit price indexes","Gross domestic product at market prices","2012=100","383","units","0","v62307282","1.1.25","103.5","","","","1"
"2014-04","Canada","2016A000011124","Implicit price indexes","Gross domestic product at market prices","2012=100","383","units","0","v62307282","1.1.25","103.8","","","","1"
"2014-07","Canada","2016A000011124","Implicit price indexes","Gross domestic product at market prices","2012=100","383","units","0","v62307282","1.1.25","104.1","","","","1"
"2014-10","Canada","2016A000011124","Implicit price indexes","Gross domestic product at market prices","2012=100","383","units","0","v62307282","1.1.25","103.4","","","","1"
"2015-01","Canada","2016A000011124","Implicit price indexes","Gross domestic product at market prices","2012=100","383","units","0","v62307282","1.1.25","102.5","","","","1"
"2015-04","Canada","2016A000011124","Implicit price indexes","Gross domestic product at market prices","2012=100","383","units","0","v62307282","1.1.25","102.8","","","","1"
"2015-07","Canada","2016A000011124","Implicit price indexes","Gross domestic product at market prices","2012=100","383","units","0","v62307282","1.1.25","103.3","","","","1"
"2015-10","Canada","2016A000011124","Implicit price indexes","Gross domestic product at market prices","2012=100","383","units","0","v62307282","1.1.25","102.7","","","","1"
"2016-01","Canada","2016A000011124","Implicit price indexes","Gross domestic product at market prices","2012=100","383","units","0","v62307282","1.1.25","102.5","","","","1"
"2016-04","Canada","2016A000011124","Implicit price indexes","Gross domestic product at market prices","2012=100","383","units","0","v62307282","1.1.25","103.2","","","","1"
"2016-07","Canada","2016A000011124","Implicit price indexes","Gross domestic product at market prices","2012=100","383","units","0","v62307282","1.1.25","103.8","","","","1"
"2016-10","Canada","2016A000011124","Implicit price indexes","Gross domestic product at market prices","2012=100","383","units","0","v62307282","1.1.25","104.8","","","","1"
"2017-01","Canada","2016A000011124","Implicit price indexes","Gross domestic product at market prices","2012=100","383","units","0","v62307282","1.1.25","105.7","","","","1"
"2017-04","Canada","2016A000011124","Implicit price indexes","Gross domestic product at market prices","2012=100","383","units","0","v62307282","1.1.25","105.6","","","","1"
"2017-07","Canada","2016A000011124","Implicit price indexes","Gross domestic product at market prices","2012=100","383","units","0","v62307282","1.1.25","105.9","","","","1"
"2017-10","Canada","2016A000011124","Implicit price indexes","Gross domestic product at market prices","2012=100","383","units","0","v62307282","1.1.25","107.3","","","","1"
"2018-01","Canada","2016A000011124","Implicit price indexes","Gross domestic product at market prices","2012=100","383","units","0","v62307282","1.1.25","107.7","","","","1"
"2018-04","Canada","2016A000011124","Implicit price indexes","Gross domestic product at market prices","2012=100","383","units","0","v62307282","1.1.25","108.1","","","","1"
"2018-07","Canada","2016A000011124","Implicit price indexes","Gross domestic product at market prices","2012=100","383","units","0","v62307282","1.1.25","108.7","","","","1"
"2018-10","Canada","2016A000011124","Implicit price indexes","Gross domestic product at market prices","2012=100","383","units","0","v62307282","1.1.25","107.7","","","","1"
"2019-01","Canada","2016A000011124","Implicit price indexes","Gross domestic product at market prices","2012=100","383","units","0","v62307282","1.1.25","108.9","","","","1"
"2019-04","Canada","2016A000011124","Implicit price indexes","Gross domestic product at market prices","2012=100","383","units","0","v62307282","1.1.25","110.1","","","","1"
"2019-07","Canada","2016A000011124","Implicit price indexes","Gross domestic product at market prices","2012=100","383","units","0","v62307282","1.1.25","110.2","","","","1"
"2019-10","Canada","2016A000011124","Implicit price indexes","Gross domestic product at market prices","2012=100","383","units","0","v62307282","1.1.25","111.3","","","","1"


